-- phpMyAdmin SQL Dump
-- version 5.2.1
-- https://www.phpmyadmin.net/
--
-- Host: localhost
-- Generation Time: May 02, 2024 at 03:27 PM
-- Server version: 10.4.28-MariaDB
-- PHP Version: 8.2.4

SET SQL_MODE = "NO_AUTO_VALUE_ON_ZERO";
START TRANSACTION;
SET time_zone = "+00:00";


/*!40101 SET @OLD_CHARACTER_SET_CLIENT=@@CHARACTER_SET_CLIENT */;
/*!40101 SET @OLD_CHARACTER_SET_RESULTS=@@CHARACTER_SET_RESULTS */;
/*!40101 SET @OLD_COLLATION_CONNECTION=@@COLLATION_CONNECTION */;
/*!40101 SET NAMES utf8mb4 */;

--
-- Database: `Laboratorinis2`
--

-- --------------------------------------------------------

--
-- Table structure for table `Cities`
--

CREATE TABLE `Cities` (
  `Name` varchar(50) NOT NULL,
  `Country` varchar(100) NOT NULL,
  `Population` int(11) NOT NULL,
  `Latitude` decimal(9,6) NOT NULL,
  `Longitude` decimal(9,6) NOT NULL,
  `Elevation` int(11) NOT NULL,
  `Average_annual_temperature` decimal(4,2) NOT NULL,
  `Average_annual_precipitation` int(11) NOT NULL,
  `Founding_date` date NOT NULL,
  `Time_zone` int(11) NOT NULL
) ENGINE=InnoDB DEFAULT CHARSET=utf8mb4 COLLATE=utf8mb4_general_ci;

--
-- Dumping data for table `Cities`
--

INSERT INTO `Cities` (`Name`, `Country`, `Population`, `Latitude`, `Longitude`, `Elevation`, `Average_annual_temperature`, `Average_annual_precipitation`, `Founding_date`, `Time_zone`) VALUES
('City0', 'Country0', 85542422, 20.637631, -112.437344, 2199, 38.74, 458, '2007-01-21', 4),
('City1', 'Country1', 342740, 39.313760, 127.699929, 2749, 8.77, 2365, '2000-12-21', 6),
('City10', 'Country0', 107805, -78.559005, 60.414471, 2895, 20.09, 566, '2005-07-06', -11),
('City11', 'Country1', 436314, 5.136357, -170.234136, 1930, 9.48, 2233, '2013-08-19', -3),
('City12', 'Country2', 618808, -50.424707, 7.495890, 338, -6.62, 2327, '1990-03-04', -11),
('City13', 'Country3', 762364, -78.126861, 107.300678, 1794, -12.53, 1863, '1994-08-18', 2),
('City14', 'Country4', 310417, -18.879526, 132.853213, 654, 6.08, 708, '2023-02-02', 5),
('City15', 'Country0', 242859, 79.107776, 165.964605, 2088, 9.89, 2179, '2004-09-16', -11),
('City16', 'Country1', 427116, 84.576631, 103.190551, 915, -10.66, 1862, '2004-09-05', -7),
('City17', 'Country2', 705551, -45.214242, 18.717796, 1911, -9.16, 2047, '2002-07-03', 14),
('City18', 'Country3', 192721, -59.898144, -64.108833, 2568, 25.96, 1893, '2015-07-07', 11),
('City19', 'Country4', 17753, 82.956522, 142.900717, 2581, 12.39, 1996, '2003-04-30', 3),
('City2', 'Country2', 378596, -71.256729, 45.931049, 2792, 24.57, 1187, '2023-08-16', -3),
('City3', 'Country3', 101733, 5.024862, 100.569552, 1260, 10.59, 2291, '2004-07-18', 8),
('City4', 'Country4', 680632, 32.054451, 168.838837, 1316, 13.90, 1176, '1998-09-27', -3),
('City5', 'Country0', 3431, 65.393913, -64.565116, 802, -8.25, 1853, '1992-06-25', -11),
('City6', 'Country1', 715637, 81.887436, -137.392567, 628, 30.34, 426, '2008-12-16', -1),
('City7', 'Country2', 773492, -12.959287, 68.289976, 1621, -14.40, 2086, '2010-10-04', -5),
('City8', 'Country3', 454392, -10.688411, 0.548667, 2914, -5.22, 2666, '1998-03-24', 5),
('City9', 'Country4', 445971, -54.389671, -24.343039, 2053, 6.49, 2298, '1991-06-20', -6),
('miestas', 'salis', 2, 1.000000, 1.000000, 1, 1.00, 1, '2000-01-01', 1);

-- --------------------------------------------------------

--
-- Table structure for table `Cloudiness`
--

CREATE TABLE `Cloudiness` (
  `id_Cloudiness` bigint(20) UNSIGNED NOT NULL,
  `Percentage` decimal(5,2) NOT NULL,
  `High_clouds` decimal(5,2) NOT NULL,
  `Middle_clouds` decimal(5,2) NOT NULL,
  `Low_clouds` decimal(5,2) NOT NULL,
  `Visibility` decimal(5,2) NOT NULL,
  `Fog_percentage` decimal(5,2) NOT NULL,
  `fk_Time_Stamp` int(11) NOT NULL
) ENGINE=InnoDB DEFAULT CHARSET=utf8mb4 COLLATE=utf8mb4_general_ci;

--
-- Dumping data for table `Cloudiness`
--

INSERT INTO `Cloudiness` (`id_Cloudiness`, `Percentage`, `High_clouds`, `Middle_clouds`, `Low_clouds`, `Visibility`, `Fog_percentage`, `fk_Time_Stamp`) VALUES
(1, 4.82, 15.70, 20.37, 61.39, 52.62, 54.73, 1),
(2, 88.02, 96.98, 38.35, 73.80, 63.55, 2.75, 2),
(3, 84.00, 94.91, 71.48, 99.78, 75.30, 65.39, 3),
(4, 83.17, 11.65, 62.19, 3.51, 61.10, 97.75, 4),
(5, 39.29, 48.15, 90.58, 77.68, 11.98, 49.95, 5),
(6, 13.88, 5.50, 44.44, 72.00, 91.27, 58.80, 6),
(7, 49.59, 99.53, 98.07, 72.85, 39.76, 86.22, 7),
(8, 79.21, 77.78, 8.36, 69.44, 18.76, 56.07, 8),
(9, 61.39, 18.11, 35.42, 60.57, 6.44, 37.80, 9),
(10, 28.06, 14.32, 69.59, 82.60, 5.77, 29.64, 10),
(11, 4.71, 29.25, 13.49, 92.96, 66.30, 97.82, 11),
(12, 20.40, 21.89, 71.93, 81.53, 4.58, 16.46, 12),
(13, 34.14, 74.02, 6.47, 0.26, 39.21, 4.71, 14),
(14, 37.34, 77.57, 26.33, 66.24, 83.00, 38.02, 15),
(15, 3.24, 18.85, 23.55, 55.48, 98.20, 19.10, 17),
(16, 90.44, 42.84, 90.60, 39.42, 8.70, 17.95, 18),
(17, 22.05, 42.19, 79.12, 77.66, 29.12, 24.50, 19),
(18, 41.75, 57.35, 0.73, 77.73, 7.54, 30.79, 20),
(19, 0.11, 12.34, 68.74, 41.94, 66.41, 72.31, 21),
(20, 87.37, 21.19, 94.35, 63.50, 8.58, 20.59, 24),
(21, 44.47, 46.40, 7.73, 67.42, 22.16, 9.00, 25),
(22, 95.31, 39.79, 87.17, 94.63, 92.64, 58.74, 28),
(23, 92.96, 42.61, 97.84, 63.88, 19.00, 87.72, 31),
(24, 73.78, 72.60, 21.74, 8.49, 30.61, 13.29, 32),
(25, 67.15, 67.00, 28.45, 50.38, 65.69, 93.35, 36),
(26, 42.27, 66.34, 41.33, 80.28, 92.15, 40.98, 37),
(27, 49.58, 22.16, 93.39, 57.72, 10.31, 46.97, 39),
(28, 0.08, 70.85, 10.51, 18.39, 60.36, 81.73, 40),
(29, 19.04, 35.37, 48.73, 20.16, 11.55, 29.65, 41),
(30, 37.17, 24.21, 47.00, 75.31, 42.89, 94.60, 43),
(31, 17.13, 88.73, 42.61, 99.56, 93.84, 7.47, 44),
(32, 89.92, 18.57, 40.83, 6.89, 35.77, 53.54, 45),
(33, 1.33, 58.62, 88.15, 70.20, 26.45, 72.05, 46),
(34, 63.07, 48.15, 32.04, 5.69, 51.70, 76.18, 48),
(35, 44.62, 23.99, 36.98, 31.30, 66.91, 51.33, 49),
(36, 6.59, 14.87, 82.95, 96.08, 83.91, 20.86, 50),
(37, 29.84, 99.55, 11.88, 50.82, 56.55, 61.02, 52),
(38, 52.85, 79.69, 40.70, 22.27, 57.99, 45.55, 53),
(39, 38.76, 57.70, 70.90, 9.17, 49.61, 95.63, 55),
(40, 40.90, 14.45, 47.66, 34.43, 46.22, 0.68, 58),
(41, 76.42, 1.96, 7.41, 41.43, 75.38, 69.35, 59),
(42, 9.12, 34.82, 89.43, 12.81, 59.99, 55.49, 60),
(43, 69.49, 50.29, 91.88, 43.39, 76.31, 64.14, 62),
(44, 33.81, 43.53, 57.92, 92.19, 27.93, 68.47, 65),
(45, 60.63, 53.69, 48.73, 73.40, 58.78, 82.26, 66),
(46, 37.73, 26.33, 38.95, 34.68, 38.77, 53.54, 67),
(47, 92.53, 78.92, 47.35, 48.01, 75.28, 54.22, 68),
(48, 46.68, 83.47, 40.96, 85.32, 2.01, 56.69, 69),
(49, 24.67, 57.69, 86.39, 9.97, 47.35, 93.68, 70),
(50, 24.69, 6.88, 45.02, 74.06, 25.52, 15.92, 72),
(51, 54.44, 64.51, 79.43, 43.00, 52.28, 96.15, 73),
(52, 79.31, 75.31, 32.53, 42.11, 24.72, 43.78, 74),
(53, 26.79, 75.72, 59.42, 24.43, 21.85, 41.33, 75),
(54, 3.50, 79.19, 39.77, 30.17, 81.64, 59.02, 77),
(55, 43.26, 45.07, 62.84, 98.38, 46.23, 41.44, 78),
(56, 53.46, 95.80, 78.25, 29.65, 3.88, 73.24, 79),
(57, 89.88, 0.44, 7.38, 74.37, 72.66, 9.75, 80),
(58, 99.94, 76.71, 30.74, 39.39, 88.05, 65.44, 81),
(59, 23.37, 14.55, 54.84, 82.65, 30.61, 46.94, 82),
(60, 1.41, 62.26, 31.46, 94.29, 31.21, 34.53, 83),
(61, 67.08, 32.91, 20.79, 45.61, 9.32, 4.57, 84),
(62, 98.12, 70.88, 97.39, 38.15, 52.77, 0.35, 86),
(63, 83.48, 76.35, 99.97, 99.75, 0.22, 53.31, 87),
(64, 62.25, 68.54, 66.95, 0.75, 13.31, 25.46, 88),
(65, 48.38, 76.36, 84.71, 7.11, 48.38, 1.83, 89),
(66, 87.54, 49.39, 37.97, 43.23, 47.50, 27.77, 90),
(67, 77.68, 75.77, 21.10, 80.22, 51.81, 65.96, 91),
(68, 18.97, 64.85, 14.74, 81.69, 43.97, 46.41, 93),
(69, 82.46, 13.13, 98.47, 18.65, 99.78, 45.82, 94),
(70, 51.31, 39.74, 94.04, 1.52, 24.57, 72.70, 95),
(71, 89.83, 52.32, 12.08, 13.35, 34.93, 39.91, 96),
(72, 12.20, 34.92, 56.87, 59.59, 31.82, 80.71, 97),
(73, 39.40, 17.85, 87.54, 76.35, 7.20, 93.70, 98),
(74, 63.93, 10.22, 81.37, 44.54, 85.45, 18.37, 99),
(75, 2.30, 74.36, 67.88, 76.05, 92.90, 38.01, 100),
(76, 12.20, 5.71, 78.49, 67.65, 49.87, 63.60, 101),
(77, 49.62, 28.88, 53.94, 14.73, 9.76, 64.23, 103),
(78, 28.33, 86.56, 75.53, 52.22, 4.36, 4.03, 104),
(79, 51.48, 54.22, 2.39, 69.62, 97.19, 72.66, 105),
(80, 62.86, 30.16, 53.12, 38.17, 9.15, 14.92, 106),
(81, 45.65, 50.00, 19.57, 44.79, 8.97, 84.56, 107),
(82, 27.06, 29.23, 94.51, 40.01, 51.55, 87.78, 108),
(83, 84.34, 0.23, 37.54, 95.34, 3.86, 43.52, 109),
(84, 8.53, 65.41, 72.02, 68.39, 29.76, 52.56, 110),
(85, 16.54, 27.44, 45.90, 66.92, 62.31, 68.71, 111),
(86, 72.33, 63.92, 50.55, 2.76, 81.99, 57.17, 112),
(87, 16.12, 57.18, 73.65, 33.09, 70.96, 31.16, 113),
(88, 5.74, 17.92, 14.68, 34.05, 74.77, 65.61, 114),
(89, 25.49, 31.92, 66.94, 82.40, 79.17, 71.78, 115),
(90, 61.74, 45.23, 18.92, 7.56, 76.04, 13.54, 117),
(91, 61.75, 45.72, 71.38, 11.39, 9.40, 32.62, 118),
(92, 33.83, 56.11, 13.65, 6.52, 60.08, 73.03, 120),
(93, 19.43, 87.91, 88.37, 67.59, 70.59, 5.76, 121),
(94, 39.30, 55.93, 8.69, 82.36, 51.09, 54.26, 122),
(95, 79.01, 65.67, 59.01, 83.79, 38.53, 95.51, 123),
(96, 31.75, 23.26, 55.00, 11.07, 29.27, 21.45, 124),
(97, 70.37, 88.47, 31.25, 36.99, 77.55, 65.41, 125),
(98, 10.06, 64.63, 45.81, 3.94, 21.57, 61.34, 126),
(99, 34.70, 18.45, 65.83, 36.59, 32.96, 49.09, 129),
(100, 9.93, 62.17, 72.98, 2.65, 39.09, 34.18, 130),
(101, 71.65, 5.21, 43.67, 95.42, 0.83, 64.11, 132),
(102, 8.67, 70.33, 47.19, 30.11, 65.15, 59.41, 134),
(103, 13.86, 36.02, 58.52, 37.80, 67.00, 68.48, 135),
(104, 5.47, 1.03, 70.27, 72.98, 65.46, 88.44, 136),
(105, 94.70, 41.41, 79.03, 5.49, 55.34, 86.05, 137),
(106, 41.78, 29.78, 53.73, 59.32, 51.55, 42.16, 138),
(107, 61.16, 50.87, 5.62, 7.04, 86.76, 84.82, 140),
(108, 76.03, 22.91, 46.98, 66.49, 46.57, 42.48, 141),
(109, 65.46, 40.03, 74.39, 92.41, 6.98, 7.74, 142),
(110, 80.78, 42.23, 93.27, 31.21, 10.49, 1.15, 144),
(111, 37.24, 28.52, 82.70, 89.43, 17.37, 15.48, 145),
(112, 96.30, 56.98, 16.98, 43.61, 93.83, 46.39, 146),
(113, 2.03, 56.46, 55.26, 46.02, 46.19, 28.50, 147),
(114, 8.80, 29.48, 67.60, 12.59, 56.02, 27.39, 148),
(115, 92.34, 25.89, 31.59, 2.11, 32.48, 71.17, 150),
(116, 60.60, 71.97, 25.54, 40.99, 31.86, 63.13, 151),
(117, 40.26, 26.97, 60.47, 67.64, 15.07, 71.24, 152),
(118, 8.93, 35.44, 53.90, 10.51, 81.93, 18.09, 153),
(119, 0.76, 88.46, 69.50, 73.05, 86.68, 51.43, 154),
(120, 92.30, 27.70, 31.69, 91.91, 39.86, 99.20, 157),
(121, 53.80, 52.40, 55.82, 75.82, 6.14, 21.06, 158),
(122, 84.81, 29.32, 39.45, 21.97, 89.87, 91.69, 159),
(123, 86.76, 28.67, 94.12, 94.14, 46.40, 59.76, 160),
(124, 4.83, 73.67, 1.89, 35.51, 56.71, 80.88, 161),
(125, 17.27, 62.47, 49.46, 84.28, 82.38, 40.98, 162),
(126, 36.74, 60.40, 76.80, 51.38, 12.42, 38.15, 163),
(127, 5.29, 69.27, 74.03, 53.58, 81.42, 70.48, 164),
(128, 34.37, 37.12, 29.35, 92.13, 89.78, 4.10, 165),
(129, 85.95, 23.00, 69.34, 88.66, 13.39, 92.62, 166),
(130, 67.80, 7.31, 51.65, 0.29, 3.72, 51.59, 167),
(131, 16.23, 85.87, 51.84, 35.29, 7.57, 77.06, 168),
(132, 68.20, 56.37, 36.64, 47.52, 6.09, 23.31, 169),
(133, 60.04, 30.73, 27.50, 2.54, 66.43, 86.61, 171),
(134, 18.87, 14.66, 35.94, 30.72, 98.43, 94.16, 172),
(135, 40.66, 18.28, 65.04, 21.20, 98.84, 77.94, 173),
(136, 31.69, 52.42, 34.40, 27.01, 63.70, 3.77, 175),
(137, 23.14, 58.10, 51.00, 42.11, 92.33, 6.99, 176),
(138, 6.28, 30.26, 28.25, 25.27, 72.33, 55.14, 178),
(139, 27.34, 59.41, 62.66, 35.00, 97.28, 0.22, 179),
(140, 61.50, 9.14, 13.74, 58.18, 92.50, 65.43, 180),
(141, 57.79, 3.98, 7.77, 26.65, 6.74, 40.03, 181),
(142, 67.60, 39.27, 28.30, 35.57, 21.98, 76.30, 184),
(143, 50.24, 85.95, 94.72, 83.36, 8.75, 79.52, 186),
(144, 11.42, 66.19, 42.76, 87.43, 16.75, 60.07, 187),
(145, 54.78, 16.28, 14.24, 95.65, 70.95, 50.76, 188),
(146, 90.91, 20.69, 62.28, 56.00, 2.60, 36.12, 189),
(147, 75.54, 70.74, 59.87, 17.33, 47.41, 40.98, 190),
(148, 36.11, 20.97, 58.53, 0.94, 62.14, 5.72, 192),
(149, 85.33, 78.24, 36.81, 39.58, 15.28, 62.76, 195),
(150, 64.47, 82.47, 20.31, 34.89, 62.50, 48.97, 196),
(151, 85.51, 8.42, 23.18, 99.65, 21.37, 5.42, 197),
(152, 35.86, 8.20, 55.98, 50.34, 43.98, 76.27, 198),
(153, 95.07, 30.34, 82.22, 95.50, 25.22, 70.59, 200),
(154, 55.53, 48.48, 72.52, 18.12, 94.61, 76.28, 201),
(155, 65.08, 77.03, 68.25, 96.08, 10.57, 61.53, 203),
(156, 86.32, 77.86, 65.45, 73.62, 68.48, 71.79, 205),
(157, 17.33, 38.63, 75.32, 78.01, 41.55, 61.28, 208),
(158, 74.99, 12.14, 1.93, 0.51, 95.38, 7.17, 209),
(159, 9.96, 65.02, 82.99, 4.27, 17.14, 7.68, 214),
(160, 30.73, 62.01, 83.76, 36.64, 29.15, 89.09, 216),
(161, 23.58, 65.51, 61.51, 46.53, 41.26, 91.65, 217),
(162, 24.66, 23.08, 93.77, 58.02, 19.99, 63.33, 218),
(163, 87.64, 25.60, 14.68, 3.10, 10.54, 55.02, 219),
(164, 51.84, 66.34, 39.06, 61.82, 36.66, 66.84, 221),
(165, 81.90, 60.68, 37.44, 10.71, 35.32, 27.61, 222),
(166, 52.27, 83.68, 17.41, 53.91, 63.13, 16.64, 223),
(167, 65.58, 55.94, 1.00, 82.15, 9.75, 78.52, 224),
(168, 72.85, 71.79, 85.99, 15.47, 80.88, 39.60, 225),
(169, 84.47, 10.40, 76.77, 45.32, 38.44, 20.02, 226),
(170, 69.61, 0.98, 59.85, 4.15, 10.57, 96.62, 229),
(171, 40.73, 43.78, 34.82, 7.37, 48.78, 45.47, 231),
(172, 1.87, 18.16, 32.32, 94.74, 32.59, 32.17, 232),
(173, 50.22, 32.66, 66.38, 19.25, 72.30, 70.15, 234),
(174, 20.00, 36.70, 20.34, 10.29, 37.65, 56.28, 235),
(175, 7.32, 40.60, 92.67, 1.91, 11.69, 52.90, 236),
(176, 94.80, 93.46, 45.33, 88.29, 53.62, 49.51, 237),
(177, 19.83, 11.25, 88.27, 44.57, 71.34, 85.87, 238),
(178, 20.38, 11.52, 80.21, 31.14, 8.55, 54.05, 239),
(179, 57.27, 70.67, 85.58, 26.51, 46.44, 65.14, 240),
(180, 57.55, 33.00, 38.45, 71.85, 54.06, 17.26, 241),
(181, 82.70, 43.83, 48.68, 45.46, 2.66, 51.13, 242),
(182, 60.31, 25.09, 57.48, 49.41, 49.10, 15.90, 244),
(183, 0.96, 1.53, 17.95, 13.79, 92.95, 94.35, 245),
(184, 57.45, 80.28, 70.82, 61.42, 50.63, 8.51, 246),
(185, 85.16, 19.39, 43.70, 0.71, 63.99, 56.47, 247),
(186, 68.48, 12.83, 12.67, 97.92, 74.29, 79.45, 248),
(187, 78.92, 91.88, 49.86, 72.29, 63.30, 28.87, 249),
(188, 17.91, 22.29, 97.70, 43.54, 24.52, 17.57, 251),
(189, 32.70, 63.21, 53.73, 7.75, 54.22, 10.25, 253),
(190, 94.37, 26.79, 5.64, 12.18, 60.80, 64.17, 254),
(191, 55.85, 10.81, 50.50, 40.06, 82.57, 41.76, 255),
(192, 12.60, 69.97, 30.95, 30.59, 48.48, 44.60, 256),
(193, 82.23, 21.27, 10.51, 7.30, 82.07, 40.80, 259),
(194, 73.35, 52.74, 12.29, 24.93, 77.17, 45.79, 260),
(195, 98.61, 86.49, 56.53, 21.99, 34.66, 93.22, 262),
(196, 30.44, 34.38, 44.96, 62.49, 3.42, 88.98, 264),
(197, 56.41, 53.81, 43.83, 72.02, 5.00, 85.68, 265),
(198, 70.30, 85.30, 75.07, 88.12, 96.59, 31.38, 266),
(199, 5.10, 43.01, 84.36, 21.60, 22.59, 22.46, 268),
(200, 27.06, 41.50, 41.03, 65.83, 85.42, 53.49, 269),
(201, 89.05, 70.23, 44.30, 28.82, 63.71, 91.76, 273),
(202, 97.04, 91.02, 74.50, 4.17, 0.92, 20.91, 274),
(203, 67.28, 38.03, 96.29, 84.17, 7.46, 44.63, 275),
(204, 3.50, 78.68, 24.46, 74.33, 96.06, 67.83, 276),
(205, 43.70, 53.50, 51.26, 23.45, 82.20, 67.13, 278),
(206, 53.74, 22.96, 19.44, 92.60, 15.31, 62.53, 279),
(207, 88.35, 84.33, 43.50, 55.10, 37.00, 35.49, 280),
(208, 81.61, 40.61, 41.89, 29.43, 12.52, 29.44, 281),
(209, 72.59, 0.68, 46.15, 15.46, 41.90, 8.64, 282),
(210, 30.36, 72.01, 20.56, 35.60, 93.38, 63.84, 283),
(211, 85.72, 34.54, 8.14, 11.18, 25.63, 93.26, 284),
(212, 77.71, 7.84, 87.87, 85.07, 80.18, 77.17, 285),
(213, 43.31, 7.60, 90.03, 39.45, 58.67, 35.30, 286),
(214, 33.50, 55.69, 8.15, 60.29, 82.00, 9.56, 287),
(215, 90.57, 97.58, 71.80, 57.81, 42.91, 47.22, 288),
(216, 56.70, 3.70, 8.49, 29.85, 0.39, 32.48, 289),
(217, 76.54, 5.07, 12.13, 96.20, 13.68, 50.69, 290),
(218, 36.97, 70.67, 43.58, 50.12, 97.39, 48.98, 291),
(219, 75.82, 95.50, 38.45, 73.29, 73.27, 87.55, 293),
(220, 82.71, 94.67, 8.77, 49.85, 32.38, 19.59, 295),
(221, 48.31, 92.52, 10.80, 24.89, 95.02, 67.67, 296),
(222, 63.44, 80.80, 22.99, 78.25, 34.90, 19.79, 298),
(223, 37.00, 25.75, 88.84, 6.78, 44.45, 22.69, 300);

-- --------------------------------------------------------

--
-- Table structure for table `Moonlight`
--

CREATE TABLE `Moonlight` (
  `id_Sunglight` bigint(20) UNSIGNED NOT NULL,
  `MoonRise` time NOT NULL,
  `MoonSet` time NOT NULL,
  `Phase` varchar(20) NOT NULL,
  `Distance_to_the_Earth` int(11) NOT NULL,
  `Brightness` decimal(5,2) NOT NULL,
  `Duration_in_the_sky` time NOT NULL,
  `fk_Weather_ForecastCode` varchar(20) NOT NULL,
  `fk_Weather_ForecastDate` date NOT NULL
) ENGINE=InnoDB DEFAULT CHARSET=utf8mb4 COLLATE=utf8mb4_general_ci;

--
-- Dumping data for table `Moonlight`
--

INSERT INTO `Moonlight` (`id_Sunglight`, `MoonRise`, `MoonSet`, `Phase`, `Distance_to_the_Earth`, `Brightness`, `Duration_in_the_sky`, `fk_Weather_ForecastCode`, `fk_Weather_ForecastDate`) VALUES
(1, '20:24:00', '11:39:00', 'Waxing', 399722, 78.08, '09:23:00', 'FC15003', '1991-03-30'),
(2, '19:23:00', '05:26:00', 'Waxing', 368058, 29.94, '20:33:00', 'FC3003', '2005-09-16'),
(3, '17:20:00', '04:15:00', 'New', 367167, 37.60, '08:13:00', 'FC1002', '2014-12-26'),
(4, '06:28:00', '10:07:00', 'Waning', 394996, 55.81, '23:46:00', 'FC1000', '2013-05-20'),
(5, '04:49:00', '22:11:00', 'Waning', 384275, 25.07, '18:55:00', 'FC2001', '1993-08-11'),
(6, '16:27:00', '03:24:00', 'New', 403736, 31.76, '00:51:00', 'FC7003', '1994-09-09'),
(7, '21:15:00', '08:03:00', 'Waxing', 380539, 94.40, '17:20:00', 'FC1002', '2014-12-26'),
(8, '23:47:00', '06:56:00', 'Waning', 370720, 9.71, '14:58:00', 'FC17003', '1990-09-01'),
(9, '20:46:00', '15:57:00', 'New', 364450, 99.23, '01:47:00', 'FC3', '1991-08-27'),
(10, '01:48:00', '10:07:00', 'Full', 388928, 47.90, '11:00:00', 'FC17003', '1990-09-01');

-- --------------------------------------------------------

--
-- Table structure for table `Operational_Statuses`
--

CREATE TABLE `Operational_Statuses` (
  `Date_from` date NOT NULL,
  `Date_to` date DEFAULT NULL,
  `Status` tinyint(1) NOT NULL,
  `id_Operational_Status` int(11) NOT NULL,
  `fk_Weather_StationCode` varchar(20) NOT NULL
) ENGINE=InnoDB DEFAULT CHARSET=utf8mb4 COLLATE=utf8mb4_general_ci;

--
-- Dumping data for table `Operational_Statuses`
--

INSERT INTO `Operational_Statuses` (`Date_from`, `Date_to`, `Status`, `id_Operational_Status`, `fk_Weather_StationCode`) VALUES
('1992-07-12', NULL, 1, 1, 'WS1'),
('2013-11-05', '2002-07-19', 0, 2, 'WS2'),
('2007-07-06', NULL, 1, 3, 'WS3'),
('1993-01-24', NULL, 1, 4, 'WS4'),
('1999-12-25', '1990-12-19', 0, 5, 'WS5'),
('1993-10-25', NULL, 1, 6, 'WS6'),
('1999-02-10', '2017-03-22', 0, 7, 'WS7'),
('2011-12-27', '2016-07-06', 0, 8, 'WS8'),
('2000-05-29', '2018-05-18', 0, 9, 'WS9'),
('2012-01-13', '2018-11-11', 0, 10, 'WS10'),
('2013-09-05', '2008-09-26', 0, 11, 'WS11'),
('2004-03-17', NULL, 1, 12, 'WS12'),
('2022-05-22', '2001-09-07', 0, 13, 'WS13'),
('2009-04-28', NULL, 1, 14, 'WS14'),
('2012-03-23', NULL, 1, 15, 'WS15'),
('2002-01-10', NULL, 1, 16, 'WS16'),
('1999-05-02', '2007-04-25', 0, 17, 'WS17'),
('2012-05-24', '2022-06-27', 0, 18, 'WS18'),
('2002-04-26', '2015-08-02', 0, 19, 'WS19'),
('2009-11-24', '2017-08-04', 1, 20, 'WS0'),
('2001-01-10', NULL, 1, 24, 'Station1');

-- --------------------------------------------------------

--
-- Table structure for table `Precipitations`
--

CREATE TABLE `Precipitations` (
  `id_Precipitation` bigint(20) UNSIGNED NOT NULL,
  `Type` varchar(20) NOT NULL,
  `Amount_in_mm` int(11) NOT NULL,
  `Intensity` varchar(20) NOT NULL,
  `Probability` decimal(5,2) NOT NULL,
  `Duration` time NOT NULL,
  `fk_Time_Stamp` int(11) NOT NULL
) ENGINE=InnoDB DEFAULT CHARSET=utf8mb4 COLLATE=utf8mb4_general_ci;

--
-- Dumping data for table `Precipitations`
--

INSERT INTO `Precipitations` (`id_Precipitation`, `Type`, `Amount_in_mm`, `Intensity`, `Probability`, `Duration`, `fk_Time_Stamp`) VALUES
(1, 'Rain', 24, 'Light', 45.98, '07:31:00', 3),
(2, 'Sleet', 31, 'Heavy', 60.60, '17:27:00', 4),
(3, 'Sleet', 28, 'Light', 62.72, '23:58:00', 7),
(4, 'Hail', 76, 'Heavy', 90.45, '02:34:00', 9),
(5, 'Sleet', 12, 'Heavy', 83.81, '22:57:00', 11),
(6, 'Snow', 98, 'Heavy', 80.02, '13:38:00', 12),
(7, 'Rain', 39, 'Moderate', 61.27, '23:03:00', 14),
(8, 'Rain', 20, 'Moderate', 92.03, '01:06:00', 15),
(9, 'Sleet', 77, 'Heavy', 40.48, '13:32:00', 17),
(10, 'Snow', 91, 'Moderate', 74.42, '08:02:00', 18),
(11, 'Sleet', 90, 'Moderate', 33.45, '11:57:00', 20),
(12, 'Hail', 44, 'Light', 45.33, '01:23:00', 22),
(13, 'Snow', 73, 'Light', 52.59, '21:00:00', 23),
(14, 'Rain', 31, 'Heavy', 86.64, '08:51:00', 24),
(15, 'Snow', 70, 'Light', 30.29, '08:12:00', 25),
(16, 'Sleet', 44, 'Moderate', 46.85, '00:55:00', 26),
(17, 'Hail', 23, 'Moderate', 79.74, '01:46:00', 29),
(18, 'Hail', 42, 'Heavy', 5.01, '11:53:00', 30),
(19, 'Sleet', 88, 'Light', 54.15, '15:28:00', 35),
(20, 'Hail', 83, 'Heavy', 17.76, '18:41:00', 36),
(21, 'Hail', 45, 'Heavy', 59.28, '22:26:00', 37),
(22, 'Snow', 6, 'Heavy', 0.27, '08:34:00', 38),
(23, 'Sleet', 78, 'Heavy', 9.47, '04:39:00', 39),
(24, 'Sleet', 40, 'Light', 39.49, '01:05:00', 40),
(25, 'Rain', 75, 'Heavy', 87.89, '22:40:00', 42),
(26, 'Sleet', 22, 'Heavy', 62.80, '20:46:00', 43),
(27, 'Hail', 44, 'Light', 41.96, '05:11:00', 44),
(28, 'Rain', 20, 'Moderate', 5.16, '10:15:00', 45),
(29, 'Snow', 0, 'Light', 81.83, '12:30:00', 47),
(30, 'Hail', 92, 'Moderate', 14.76, '01:37:00', 48),
(31, 'Sleet', 16, 'Heavy', 96.19, '20:33:00', 50),
(32, 'Snow', 19, 'Light', 4.44, '12:02:00', 52),
(33, 'Hail', 36, 'Moderate', 68.55, '20:28:00', 53),
(34, 'Snow', 58, 'Moderate', 4.08, '13:06:00', 54),
(35, 'Rain', 3, 'Light', 91.40, '00:12:00', 56),
(36, 'Sleet', 47, 'Heavy', 36.42, '15:27:00', 57),
(37, 'Sleet', 94, 'Light', 20.45, '14:14:00', 58),
(38, 'Sleet', 35, 'Moderate', 8.65, '20:38:00', 59),
(39, 'Sleet', 63, 'Moderate', 16.02, '21:38:00', 60),
(40, 'Snow', 90, 'Moderate', 27.64, '01:35:00', 64),
(41, 'Rain', 26, 'Heavy', 69.54, '21:01:00', 65),
(42, 'Hail', 97, 'Light', 44.39, '07:29:00', 66),
(43, 'Sleet', 28, 'Heavy', 89.55, '09:08:00', 67),
(44, 'Sleet', 38, 'Heavy', 41.44, '01:28:00', 69),
(45, 'Sleet', 3, 'Light', 39.23, '06:04:00', 70),
(46, 'Snow', 13, 'Heavy', 80.69, '15:45:00', 73),
(47, 'Rain', 99, 'Moderate', 67.31, '06:29:00', 74),
(48, 'Snow', 63, 'Light', 70.37, '22:36:00', 78),
(49, 'Rain', 6, 'Heavy', 25.31, '12:56:00', 79),
(50, 'Rain', 3, 'Light', 46.52, '06:53:00', 80),
(51, 'Snow', 54, 'Light', 49.05, '13:40:00', 81),
(52, 'Rain', 70, 'Light', 8.59, '12:28:00', 82),
(53, 'Hail', 27, 'Heavy', 58.82, '19:16:00', 83),
(54, 'Sleet', 12, 'Moderate', 7.94, '06:28:00', 85),
(55, 'Rain', 23, 'Moderate', 76.08, '15:13:00', 86),
(56, 'Rain', 78, 'Heavy', 51.10, '02:09:00', 87),
(57, 'Snow', 68, 'Heavy', 37.28, '08:34:00', 90),
(58, 'Sleet', 42, 'Moderate', 49.96, '07:52:00', 92),
(59, 'Snow', 95, 'Light', 57.73, '21:32:00', 93),
(60, 'Sleet', 69, 'Moderate', 91.66, '18:28:00', 94),
(61, 'Snow', 10, 'Moderate', 25.62, '13:52:00', 97),
(62, 'Rain', 99, 'Heavy', 51.38, '23:34:00', 98),
(63, 'Sleet', 40, 'Moderate', 95.98, '17:47:00', 99),
(64, 'Hail', 61, 'Heavy', 76.00, '06:34:00', 100),
(65, 'Rain', 69, 'Heavy', 8.33, '02:40:00', 102),
(66, 'Sleet', 74, 'Heavy', 38.75, '22:28:00', 106),
(67, 'Hail', 6, 'Light', 59.29, '11:14:00', 107),
(68, 'Hail', 68, 'Moderate', 70.93, '20:47:00', 108),
(69, 'Rain', 91, 'Moderate', 31.31, '01:45:00', 110),
(70, 'Snow', 88, 'Moderate', 30.17, '13:42:00', 111),
(71, 'Hail', 12, 'Light', 46.02, '15:39:00', 114),
(72, 'Rain', 66, 'Moderate', 91.02, '11:41:00', 115),
(73, 'Hail', 70, 'Heavy', 81.51, '16:45:00', 116),
(74, 'Hail', 95, 'Heavy', 90.52, '21:00:00', 117),
(75, 'Hail', 90, 'Light', 48.73, '21:56:00', 118),
(76, 'Sleet', 52, 'Heavy', 84.71, '20:50:00', 122),
(77, 'Rain', 15, 'Moderate', 56.60, '08:19:00', 123),
(78, 'Hail', 24, 'Light', 61.93, '06:37:00', 124),
(79, 'Snow', 3, 'Heavy', 28.92, '06:17:00', 125),
(80, 'Sleet', 65, 'Light', 41.89, '21:24:00', 127),
(81, 'Sleet', 77, 'Moderate', 42.46, '11:47:00', 129),
(82, 'Snow', 86, 'Moderate', 89.85, '06:11:00', 130),
(83, 'Rain', 2, 'Moderate', 63.59, '12:01:00', 132),
(84, 'Rain', 68, 'Moderate', 9.69, '21:46:00', 133),
(85, 'Hail', 16, 'Heavy', 54.14, '00:25:00', 134),
(86, 'Snow', 9, 'Light', 93.20, '20:52:00', 135),
(87, 'Sleet', 29, 'Moderate', 90.26, '12:20:00', 137),
(88, 'Sleet', 83, 'Light', 22.72, '23:27:00', 140),
(89, 'Sleet', 40, 'Moderate', 74.36, '20:52:00', 141),
(90, 'Hail', 50, 'Moderate', 20.27, '15:37:00', 142),
(91, 'Sleet', 97, 'Light', 1.27, '01:18:00', 143),
(92, 'Sleet', 51, 'Heavy', 43.45, '03:42:00', 146),
(93, 'Rain', 63, 'Light', 29.37, '15:25:00', 147),
(94, 'Sleet', 47, 'Heavy', 67.95, '11:20:00', 148),
(95, 'Snow', 73, 'Moderate', 62.22, '09:02:00', 149),
(96, 'Snow', 98, 'Light', 69.00, '23:45:00', 150),
(97, 'Snow', 56, 'Heavy', 25.57, '03:03:00', 151),
(98, 'Rain', 54, 'Moderate', 17.49, '00:21:00', 152),
(99, 'Hail', 83, 'Heavy', 33.69, '07:22:00', 153),
(100, 'Sleet', 60, 'Moderate', 64.36, '12:49:00', 154),
(101, 'Snow', 0, 'Moderate', 68.19, '22:46:00', 155),
(102, 'Hail', 95, 'Moderate', 63.59, '04:29:00', 157),
(103, 'Rain', 46, 'Heavy', 36.41, '10:33:00', 158),
(104, 'Rain', 85, 'Light', 90.47, '08:31:00', 161),
(105, 'Rain', 33, 'Light', 18.28, '00:08:00', 162),
(106, 'Sleet', 57, 'Heavy', 50.61, '23:18:00', 163),
(107, 'Rain', 75, 'Moderate', 21.58, '09:18:00', 166),
(108, 'Rain', 61, 'Heavy', 73.25, '01:01:00', 168),
(109, 'Rain', 12, 'Heavy', 63.84, '15:32:00', 169),
(110, 'Hail', 6, 'Light', 42.13, '15:25:00', 170),
(111, 'Hail', 45, 'Heavy', 10.87, '17:19:00', 175),
(112, 'Rain', 93, 'Heavy', 17.42, '18:33:00', 176),
(113, 'Sleet', 92, 'Light', 86.86, '07:49:00', 178),
(114, 'Hail', 93, 'Light', 56.34, '09:42:00', 179),
(115, 'Sleet', 83, 'Moderate', 11.16, '05:15:00', 181),
(116, 'Rain', 24, 'Moderate', 71.49, '14:26:00', 184),
(117, 'Snow', 34, 'Light', 68.44, '11:48:00', 185),
(118, 'Rain', 65, 'Heavy', 47.06, '20:22:00', 187),
(119, 'Rain', 56, 'Light', 87.85, '00:58:00', 189),
(120, 'Snow', 90, 'Light', 7.76, '13:23:00', 191),
(121, 'Hail', 64, 'Light', 20.03, '20:19:00', 192),
(122, 'Rain', 13, 'Light', 14.63, '20:39:00', 194),
(123, 'Hail', 1, 'Heavy', 7.23, '21:55:00', 200),
(124, 'Hail', 5, 'Light', 17.35, '16:52:00', 201),
(125, 'Sleet', 89, 'Light', 87.98, '00:59:00', 205),
(126, 'Rain', 38, 'Heavy', 80.02, '03:07:00', 209),
(127, 'Hail', 14, 'Light', 51.51, '15:07:00', 210),
(128, 'Snow', 41, 'Heavy', 33.69, '22:00:00', 212),
(129, 'Rain', 77, 'Heavy', 25.02, '22:48:00', 213),
(130, 'Hail', 99, 'Heavy', 46.38, '10:58:00', 217),
(131, 'Rain', 75, 'Light', 32.76, '20:24:00', 218),
(132, 'Sleet', 44, 'Moderate', 71.59, '22:03:00', 219),
(133, 'Rain', 25, 'Heavy', 56.04, '15:41:00', 220),
(134, 'Hail', 59, 'Heavy', 7.04, '10:36:00', 221),
(135, 'Sleet', 41, 'Heavy', 98.32, '19:53:00', 222),
(136, 'Snow', 35, 'Light', 42.30, '17:49:00', 223),
(137, 'Sleet', 22, 'Light', 73.73, '21:08:00', 226),
(138, 'Sleet', 12, 'Heavy', 14.96, '15:40:00', 227),
(139, 'Snow', 55, 'Moderate', 62.14, '21:08:00', 230),
(140, 'Rain', 47, 'Heavy', 8.62, '06:23:00', 231),
(141, 'Sleet', 63, 'Heavy', 23.60, '13:58:00', 232),
(142, 'Hail', 94, 'Moderate', 99.30, '12:47:00', 233),
(143, 'Hail', 41, 'Moderate', 19.44, '10:53:00', 234),
(144, 'Snow', 69, 'Light', 96.50, '05:36:00', 238),
(145, 'Rain', 59, 'Heavy', 61.49, '23:47:00', 241),
(146, 'Rain', 64, 'Light', 47.06, '10:16:00', 243),
(147, 'Rain', 95, 'Heavy', 12.34, '03:19:00', 247),
(148, 'Snow', 90, 'Light', 12.30, '03:05:00', 249),
(149, 'Snow', 44, 'Light', 85.13, '04:39:00', 250),
(150, 'Rain', 34, 'Light', 59.15, '11:12:00', 252),
(151, 'Hail', 76, 'Moderate', 68.97, '17:14:00', 255),
(152, 'Sleet', 99, 'Moderate', 75.01, '01:49:00', 256),
(153, 'Hail', 9, 'Moderate', 60.26, '19:08:00', 258),
(154, 'Snow', 48, 'Heavy', 29.89, '03:36:00', 260),
(155, 'Rain', 89, 'Light', 15.45, '11:28:00', 261),
(156, 'Snow', 97, 'Moderate', 38.76, '00:35:00', 262),
(157, 'Sleet', 97, 'Moderate', 94.79, '07:23:00', 264),
(158, 'Hail', 96, 'Moderate', 86.25, '02:25:00', 267),
(159, 'Rain', 12, 'Heavy', 19.72, '05:32:00', 268),
(160, 'Hail', 18, 'Light', 42.00, '16:11:00', 269),
(161, 'Rain', 0, 'Light', 16.78, '08:20:00', 270),
(162, 'Hail', 26, 'Heavy', 21.08, '11:54:00', 271),
(163, 'Snow', 38, 'Light', 82.01, '14:12:00', 273),
(164, 'Sleet', 77, 'Heavy', 73.65, '22:16:00', 274),
(165, 'Rain', 88, 'Light', 26.06, '14:22:00', 276),
(166, 'Hail', 14, 'Heavy', 19.59, '23:29:00', 278),
(167, 'Sleet', 7, 'Heavy', 7.26, '02:11:00', 279),
(168, 'Sleet', 53, 'Heavy', 30.81, '12:18:00', 280),
(169, 'Sleet', 22, 'Light', 62.39, '13:12:00', 281),
(170, 'Snow', 53, 'Heavy', 88.77, '03:04:00', 284),
(171, 'Rain', 20, 'Moderate', 68.68, '13:07:00', 285),
(172, 'Hail', 72, 'Light', 54.72, '23:55:00', 286),
(173, 'Snow', 28, 'Heavy', 29.51, '19:13:00', 288),
(174, 'Snow', 96, 'Heavy', 37.85, '18:22:00', 289),
(175, 'Hail', 21, 'Heavy', 21.69, '05:49:00', 290),
(176, 'Sleet', 94, 'Heavy', 81.71, '11:00:00', 291),
(177, 'Snow', 93, 'Moderate', 70.54, '12:22:00', 293),
(178, 'Hail', 18, 'Light', 33.52, '00:39:00', 295),
(179, 'Sleet', 17, 'Light', 31.06, '05:17:00', 299);

-- --------------------------------------------------------

--
-- Table structure for table `Pressures`
--

CREATE TABLE `Pressures` (
  `id_Pressure` bigint(20) UNSIGNED NOT NULL,
  `Average_hPa` int(11) NOT NULL,
  `Maximum_hPa` int(11) NOT NULL,
  `Minimum_hPa` int(11) NOT NULL,
  `Humidity` decimal(5,2) NOT NULL,
  `Dew_Point` decimal(4,2) NOT NULL,
  `fk_Time_Stamp` int(11) NOT NULL
) ENGINE=InnoDB DEFAULT CHARSET=utf8mb4 COLLATE=utf8mb4_general_ci;

--
-- Dumping data for table `Pressures`
--

INSERT INTO `Pressures` (`id_Pressure`, `Average_hPa`, `Maximum_hPa`, `Minimum_hPa`, `Humidity`, `Dew_Point`, `fk_Time_Stamp`) VALUES
(1, 1005, 1039, 1043, 22.93, -24.95, 1),
(2, 1014, 987, 999, 30.59, 8.80, 2),
(3, 1013, 1037, 1006, 40.14, -27.64, 5),
(4, 1037, 1015, 1031, 74.00, -8.55, 7),
(5, 991, 1031, 1000, 87.90, 8.11, 8),
(6, 995, 1026, 1035, 38.28, 19.75, 10),
(7, 1015, 1000, 997, 59.44, -25.32, 14),
(8, 1021, 984, 1040, 61.02, 29.34, 16),
(9, 1044, 1035, 1022, 4.92, -25.80, 18),
(10, 1017, 1026, 1041, 9.88, 8.34, 21),
(11, 994, 1036, 1006, 39.72, -29.70, 23),
(12, 1049, 1022, 1040, 88.13, -6.97, 24),
(13, 1007, 1041, 997, 32.39, -1.59, 25),
(14, 1033, 990, 986, 3.29, -0.84, 26),
(15, 988, 1001, 1036, 95.07, -29.63, 28),
(16, 1005, 1047, 1039, 25.82, 29.06, 33),
(17, 1001, 984, 1003, 92.15, -28.28, 37),
(18, 1045, 1032, 989, 5.25, 12.13, 45),
(19, 997, 999, 992, 53.82, 25.76, 46),
(20, 982, 984, 999, 90.91, -17.36, 47),
(21, 1003, 1009, 1000, 12.93, 20.51, 48),
(22, 1037, 1046, 1020, 74.73, -9.86, 50),
(23, 981, 1002, 1003, 24.97, -21.76, 51),
(24, 997, 998, 987, 98.33, -17.65, 52),
(25, 997, 997, 1036, 53.87, -2.35, 54),
(26, 1029, 993, 1019, 28.23, -25.35, 55),
(27, 989, 994, 985, 21.48, 0.65, 57),
(28, 992, 1012, 1005, 76.38, 9.52, 59),
(29, 1002, 1018, 1009, 2.08, 5.78, 60),
(30, 1007, 1031, 990, 70.61, 19.49, 63),
(31, 1030, 984, 1045, 20.38, -11.96, 64),
(32, 1032, 1011, 1014, 16.73, 17.92, 67),
(33, 988, 1029, 999, 18.38, -10.37, 68),
(34, 1023, 1007, 1044, 77.39, 18.69, 69),
(35, 1032, 988, 991, 82.47, -17.93, 70),
(36, 1018, 989, 1025, 42.81, 3.16, 75),
(37, 994, 994, 1017, 81.22, -18.18, 79),
(38, 1046, 1007, 1007, 44.02, 15.38, 81),
(39, 1011, 1002, 1021, 83.68, -16.60, 83),
(40, 1047, 990, 1040, 16.03, -27.78, 88),
(41, 1046, 1021, 1035, 41.28, 26.93, 89),
(42, 995, 981, 984, 65.08, 19.57, 91),
(43, 1035, 1027, 984, 83.21, 6.65, 92),
(44, 1013, 1007, 1000, 95.86, -2.64, 93),
(45, 981, 989, 1032, 31.54, 24.19, 94),
(46, 1027, 995, 1002, 46.22, 6.62, 98),
(47, 1025, 1006, 1014, 43.16, 23.05, 100),
(48, 1046, 1013, 996, 5.04, 7.95, 102),
(49, 1014, 1012, 1042, 92.72, 0.75, 103),
(50, 1027, 982, 1015, 66.42, -0.61, 105),
(51, 988, 990, 1030, 50.67, 27.68, 108),
(52, 1045, 1033, 983, 65.68, -27.49, 109),
(53, 1007, 1009, 1046, 0.71, -11.47, 113),
(54, 1044, 1013, 1009, 93.11, 16.28, 114),
(55, 1001, 1027, 1024, 16.14, 21.61, 115),
(56, 1035, 1033, 1034, 38.62, -3.68, 117),
(57, 1028, 1045, 1033, 35.44, 16.00, 118),
(58, 1003, 1030, 1026, 88.98, -4.44, 119),
(59, 1021, 1040, 1028, 40.63, -20.90, 121),
(60, 1041, 1011, 1026, 98.39, 26.03, 124),
(61, 1045, 1015, 1007, 21.32, 3.12, 127),
(62, 1019, 992, 1049, 66.11, -16.62, 130),
(63, 1013, 1032, 1011, 98.97, 24.66, 131),
(64, 1031, 1016, 1031, 8.50, -8.88, 134),
(65, 1043, 1021, 988, 58.48, 5.43, 135),
(66, 1019, 1046, 1005, 85.85, 22.08, 136),
(67, 997, 1030, 1025, 24.72, -7.67, 137),
(68, 1019, 1017, 1041, 65.67, 21.62, 139),
(69, 988, 1001, 1038, 28.53, 7.39, 140),
(70, 1033, 1027, 1046, 94.03, 13.44, 142),
(71, 999, 1047, 1035, 31.24, -28.64, 143),
(72, 984, 990, 1029, 29.90, 17.77, 146),
(73, 1030, 994, 1000, 31.23, -3.49, 148),
(74, 1027, 1001, 1029, 43.63, -12.66, 151),
(75, 1021, 1044, 1039, 36.17, 26.04, 153),
(76, 1050, 1006, 1044, 95.06, 17.31, 156),
(77, 1036, 1004, 1018, 49.37, 16.49, 157),
(78, 995, 988, 1002, 60.23, -12.05, 159),
(79, 1044, 1016, 990, 55.99, 0.20, 161),
(80, 1005, 990, 1041, 89.07, 25.46, 162),
(81, 1029, 981, 1036, 29.61, -25.47, 163),
(82, 982, 1043, 985, 1.76, -15.89, 164),
(83, 1031, 1025, 993, 50.58, -7.57, 165),
(84, 990, 1007, 1005, 53.21, -24.46, 167),
(85, 1000, 994, 1049, 41.56, 10.87, 168),
(86, 1050, 1021, 1009, 13.62, -2.98, 169),
(87, 1040, 1044, 1041, 58.00, -6.51, 170),
(88, 992, 1047, 1041, 90.35, -4.62, 174),
(89, 1000, 1036, 1030, 62.89, 9.96, 175),
(90, 1011, 1009, 984, 74.21, -18.03, 177),
(91, 996, 986, 1021, 91.23, -24.52, 179),
(92, 1010, 1013, 1040, 55.34, 7.90, 180),
(93, 1034, 1043, 1031, 9.50, 16.81, 182),
(94, 1032, 1034, 998, 36.48, 20.35, 184),
(95, 1037, 1003, 1018, 42.15, 21.12, 188),
(96, 995, 1027, 1032, 81.91, 16.33, 192),
(97, 1019, 1025, 1034, 59.29, 11.81, 193),
(98, 1012, 1023, 1039, 34.67, 21.26, 197),
(99, 985, 1045, 1044, 68.35, -23.96, 198),
(100, 1040, 1034, 1004, 77.61, 6.74, 199),
(101, 1005, 1031, 1050, 33.98, -22.93, 205),
(102, 1039, 989, 1000, 88.97, -19.77, 208),
(103, 1036, 989, 1025, 92.52, -21.93, 209),
(104, 983, 981, 981, 97.70, -11.27, 210),
(105, 1028, 1013, 1032, 8.02, 13.67, 213),
(106, 1034, 990, 1011, 99.82, 15.90, 215),
(107, 1037, 1037, 998, 63.84, 2.14, 220),
(108, 1032, 1032, 982, 75.22, 24.67, 227),
(109, 1027, 987, 986, 25.78, -29.60, 228),
(110, 1022, 1045, 984, 67.05, -11.68, 229),
(111, 1027, 1028, 981, 57.83, -6.71, 230),
(112, 1006, 1019, 1033, 55.67, -1.95, 232),
(113, 1007, 1044, 1028, 69.74, 3.56, 237),
(114, 1030, 980, 1029, 85.48, -13.82, 240),
(115, 1047, 1047, 990, 45.06, -3.50, 241),
(116, 1024, 990, 986, 68.03, -29.04, 242),
(117, 983, 995, 1019, 95.39, 17.57, 243),
(118, 1004, 1041, 1008, 63.92, 18.72, 245),
(119, 1043, 1048, 990, 75.85, 2.88, 246),
(120, 997, 1041, 1045, 66.29, 2.12, 247),
(121, 1039, 1025, 986, 22.91, -2.05, 248),
(122, 1041, 1038, 1021, 90.88, -9.54, 249),
(123, 1007, 986, 1022, 14.33, -10.50, 253),
(124, 1050, 1031, 980, 77.15, 1.01, 257),
(125, 991, 988, 1034, 28.47, -2.85, 260),
(126, 995, 1012, 1011, 71.31, -24.80, 261),
(127, 1029, 1006, 981, 6.87, 21.91, 263),
(128, 1004, 1040, 1025, 21.13, 5.28, 265),
(129, 1047, 1043, 1014, 6.27, -1.35, 267),
(130, 988, 1005, 1009, 49.88, -23.13, 268),
(131, 1011, 1000, 1031, 49.43, 24.21, 270),
(132, 1043, 981, 1021, 99.05, 2.25, 271),
(133, 1019, 1019, 1041, 78.94, -0.44, 274),
(134, 1037, 1020, 989, 84.69, 9.03, 276),
(135, 994, 1016, 993, 82.15, 2.75, 278),
(136, 1002, 1005, 1015, 77.79, -14.45, 283),
(137, 1019, 1042, 1018, 4.59, -1.79, 284),
(138, 1009, 999, 1025, 26.88, 27.44, 286),
(139, 999, 993, 1040, 75.53, 18.79, 287),
(140, 1024, 1026, 1039, 35.46, 27.59, 291),
(141, 1034, 1021, 1029, 14.30, -10.57, 292),
(142, 982, 1004, 1046, 44.40, 28.23, 296),
(143, 1048, 999, 1043, 96.47, -6.32, 297),
(144, 1025, 1045, 1006, 60.39, 25.78, 298);

-- --------------------------------------------------------

--
-- Table structure for table `Records`
--

CREATE TABLE `Records` (
  `Date` date NOT NULL,
  `Location` varchar(50) NOT NULL,
  `Maximum_temperature` decimal(4,2) DEFAULT NULL,
  `Minimum_temperature` decimal(4,2) DEFAULT NULL,
  `Maximum_precipitation` int(11) DEFAULT NULL,
  `Maximum_wind_speed` decimal(5,2) DEFAULT NULL,
  `fk_Weather_ForecastCode` varchar(20) NOT NULL,
  `fk_Weather_ForecastDate` date NOT NULL
) ENGINE=InnoDB DEFAULT CHARSET=utf8mb4 COLLATE=utf8mb4_general_ci;

--
-- Dumping data for table `Records`
--

INSERT INTO `Records` (`Date`, `Location`, `Maximum_temperature`, `Minimum_temperature`, `Maximum_precipitation`, `Maximum_wind_speed`, `fk_Weather_ForecastCode`, `fk_Weather_ForecastDate`) VALUES
('1990-06-11', 'City8', -3.59, -11.48, 323, 108.00, 'FC3004', '2021-08-03'),
('1990-11-12', 'City11', 39.52, 0.36, 261, 15.45, 'FC14001', '2010-05-27'),
('1994-08-11', 'City13', 3.14, -8.66, 307, 55.44, 'FC15003', '1991-03-30'),
('1997-12-07', 'City19', 16.75, -17.01, 406, 140.64, 'FC17000', '2015-06-03'),
('1999-11-07', 'City7', 17.96, -2.70, 199, 13.62, 'FC1002', '2014-12-26'),
('2002-01-31', 'City14', 2.03, -5.91, 255, 146.05, 'FC2004', '2016-09-22'),
('2002-02-18', 'City2', -5.95, 17.27, 44, 117.10, 'FC11002', '2022-07-05'),
('2006-04-12', 'City18', 13.97, 26.87, 129, 33.51, 'FC17002', '2016-06-19'),
('2007-04-13', 'City14', -8.49, 27.74, 57, 21.46, 'FC5003', '1999-10-27'),
('2008-06-15', 'City14', 40.41, 22.78, 421, 96.76, 'FC2000', '2001-09-26'),
('2009-06-12', 'City8', 23.71, -17.02, 500, 126.47, 'FC17001', '2010-12-15'),
('2009-08-16', 'City15', 17.23, 12.94, 482, 41.95, 'FC11004', '2021-12-28'),
('2011-05-19', 'City1', -9.57, -4.83, 350, 142.97, 'FC12000', '1990-05-01'),
('2011-09-06', 'City4', 33.95, 23.18, 20, 65.31, 'FC19003', '2014-01-27'),
('2012-05-02', 'City6', -9.29, 15.29, 484, 60.37, 'FC16004', '2008-01-22'),
('2014-11-23', 'City19', 34.92, 10.58, 13, 109.84, 'FC2002', '2019-03-08'),
('2019-09-26', 'City9', 13.34, 26.03, 8, 138.76, 'FC11002', '2022-07-05'),
('2020-12-19', 'City8', 19.40, -16.02, 234, 21.75, 'FC11004', '2021-12-28'),
('2021-10-29', 'City1', 41.43, -19.66, 448, 17.75, 'FC8004', '2012-10-10'),
('2023-06-08', 'City13', 7.31, 12.64, 39, 66.61, 'FC1', '2008-12-22');

-- --------------------------------------------------------

--
-- Table structure for table `Sunlight`
--

CREATE TABLE `Sunlight` (
  `id_Sunlight` bigint(20) UNSIGNED NOT NULL,
  `Sunrise` time NOT NULL,
  `Sunset` time NOT NULL,
  `Daylight_duration` time NOT NULL,
  `UV_index_value` int(11) NOT NULL,
  `UV_radiation_intensity` int(11) NOT NULL,
  `fk_Weather_ForecastCode` varchar(20) NOT NULL,
  `fk_Weather_ForecastDate` date NOT NULL
) ENGINE=InnoDB DEFAULT CHARSET=utf8mb4 COLLATE=utf8mb4_general_ci;

--
-- Dumping data for table `Sunlight`
--

INSERT INTO `Sunlight` (`id_Sunlight`, `Sunrise`, `Sunset`, `Daylight_duration`, `UV_index_value`, `UV_radiation_intensity`, `fk_Weather_ForecastCode`, `fk_Weather_ForecastDate`) VALUES
(1, '19:43:00', '16:55:00', '00:06:00', 4, 1300, 'FC16004', '2008-01-22'),
(2, '02:31:00', '19:50:00', '07:08:00', 7, 951, 'FC11001', '1992-12-18'),
(3, '03:57:00', '12:15:00', '15:35:00', 4, 1, 'FC19000', '2018-10-01'),
(4, '08:25:00', '20:56:00', '01:04:00', 6, 1854, 'FC16001', '2022-05-30'),
(5, '00:50:00', '05:08:00', '09:47:00', 4, 1949, 'FC3003', '2005-09-16'),
(6, '07:41:00', '08:36:00', '00:26:00', 9, 1710, 'FC5002', '2010-07-31'),
(7, '18:44:00', '08:33:00', '05:26:00', 8, 67, 'FC6000', '2012-04-26'),
(8, '21:40:00', '21:01:00', '22:32:00', 8, 723, 'FC1001', '2023-11-20'),
(9, '12:03:00', '06:18:00', '06:26:00', 9, 927, 'FC5004', '2021-08-13'),
(10, '22:19:00', '16:43:00', '21:26:00', 8, 1783, 'FC16004', '2008-01-22'),
(11, '19:07:00', '19:08:00', '01:43:00', 3, 1935, 'FC6002', '2006-01-27');

-- --------------------------------------------------------

--
-- Table structure for table `Temperatures`
--

CREATE TABLE `Temperatures` (
  `id_Temperature` bigint(20) UNSIGNED NOT NULL,
  `Maximum` decimal(4,2) NOT NULL,
  `Minimum` decimal(4,2) NOT NULL,
  `Average` decimal(4,2) NOT NULL,
  `Feels_like` decimal(4,2) NOT NULL,
  `Fluctuations` tinyint(1) NOT NULL,
  `fk_Time_Stamp` int(11) NOT NULL
) ENGINE=InnoDB DEFAULT CHARSET=utf8mb4 COLLATE=utf8mb4_general_ci;

--
-- Dumping data for table `Temperatures`
--

INSERT INTO `Temperatures` (`id_Temperature`, `Maximum`, `Minimum`, `Average`, `Feels_like`, `Fluctuations`, `fk_Time_Stamp`) VALUES
(1, 9.83, 12.96, 46.67, 46.76, 0, 1),
(2, -15.10, -7.39, 49.26, 39.18, 0, 2),
(3, 3.01, 49.97, -13.00, 0.17, 0, 3),
(4, 42.55, 40.61, -19.96, 20.68, 0, 4),
(5, -6.12, 37.38, 8.24, 18.94, 1, 5),
(6, -19.08, 20.36, 27.69, 5.15, 1, 6),
(7, 45.61, -18.16, 18.07, 9.47, 1, 7),
(8, 1.24, 12.60, 48.56, 21.38, 1, 9),
(9, -16.67, 1.42, 39.76, 22.45, 0, 10),
(10, 14.07, -17.17, 49.32, 43.72, 0, 11),
(11, 16.84, 38.39, 37.63, 48.17, 0, 12),
(12, 26.16, 15.27, 1.43, 40.29, 0, 14),
(13, 10.87, 19.42, 39.23, 47.94, 0, 15),
(14, -14.19, -8.58, -1.18, -13.79, 0, 16),
(15, 18.42, -4.40, 49.50, -6.00, 1, 17),
(16, -15.75, 12.90, 36.92, 39.50, 1, 18),
(17, -10.69, 47.16, -12.04, 7.07, 0, 19),
(18, 7.53, 44.61, 14.97, 4.23, 1, 20),
(19, 36.47, -4.20, 9.46, 43.86, 1, 21),
(20, -10.73, -1.31, -12.98, 1.42, 0, 22),
(21, 25.53, -9.94, 26.45, -1.93, 0, 23),
(22, -0.80, 1.54, -13.95, 31.90, 0, 24),
(23, -5.59, 19.97, -12.20, 29.24, 0, 25),
(24, -10.59, 46.33, 39.01, 35.79, 0, 27),
(25, 20.71, -9.89, 36.84, 42.92, 1, 28),
(26, 20.48, 9.82, -18.22, 16.26, 0, 29),
(27, 0.46, -9.91, 24.89, 7.18, 1, 30),
(28, 44.80, 0.57, 19.32, 12.66, 0, 32),
(29, -2.58, 4.10, 20.79, 25.59, 1, 33),
(30, 29.20, 43.71, -11.39, 41.95, 1, 34),
(31, 8.79, -19.01, 8.47, 40.41, 0, 35),
(32, 45.05, -17.92, 41.39, 47.04, 1, 36),
(33, -19.41, 30.21, 10.76, -10.25, 0, 37),
(34, 24.75, 35.10, -17.30, 23.69, 0, 38),
(35, 43.25, 26.71, 19.53, 1.44, 1, 40),
(36, 42.83, -17.85, 49.29, 3.62, 1, 41),
(37, -17.53, 21.13, 4.23, 2.22, 1, 42),
(38, 18.39, -19.95, 36.43, 34.98, 0, 43),
(39, 14.15, 24.02, 23.28, -18.18, 0, 44),
(40, 30.53, 2.98, -12.60, 24.01, 0, 46),
(41, 28.14, 5.19, -0.94, 21.60, 0, 47),
(42, -6.38, 30.84, 9.24, -7.26, 0, 48),
(43, 41.06, 3.70, 7.18, 30.63, 1, 49),
(44, 8.48, 28.48, 44.98, -12.40, 1, 50),
(45, 44.94, 31.98, 5.88, 0.51, 0, 51),
(46, -8.63, 41.92, 5.19, -13.96, 0, 52),
(47, 34.03, 22.16, -19.02, -4.07, 0, 53),
(48, 11.63, 15.83, 36.38, 35.95, 0, 54),
(49, 15.58, 32.45, -2.97, 12.24, 1, 55),
(50, 8.09, 21.82, -7.91, 5.89, 1, 56),
(51, 46.30, 11.62, 29.47, -11.31, 0, 57),
(52, 17.51, 43.14, -9.72, -12.71, 1, 58),
(53, 39.34, -8.08, 40.25, -0.21, 0, 59),
(54, 44.54, 26.01, 30.42, 15.16, 1, 60),
(55, 39.21, -15.48, -11.43, -12.88, 1, 62),
(56, 4.04, -0.80, 33.61, 6.47, 0, 63),
(57, 49.70, 40.45, -1.99, -10.92, 1, 64),
(58, 24.80, 28.41, 44.77, -4.18, 0, 65),
(59, 24.03, 10.13, 18.49, -9.27, 1, 67),
(60, 26.56, 24.63, -6.14, 13.40, 0, 68),
(61, -19.54, 14.97, 27.26, -14.24, 0, 69),
(62, 14.24, -6.76, -19.59, 16.75, 1, 70),
(63, 11.73, 16.66, -0.98, 20.18, 0, 71),
(64, 45.35, 9.47, 36.66, 35.07, 0, 73),
(65, 38.88, 7.71, 37.27, 5.22, 0, 74),
(66, -3.71, 2.16, -17.71, 39.25, 0, 75),
(67, 6.10, -16.00, 21.55, -1.12, 0, 76),
(68, 24.06, 23.71, -8.74, 36.43, 1, 77),
(69, 46.51, -12.68, -14.45, -2.52, 1, 78),
(70, -17.16, 29.57, -0.53, 0.05, 0, 79),
(71, 27.27, -3.03, -11.53, -18.00, 0, 80),
(72, 13.47, 37.31, 30.74, 34.58, 0, 81),
(73, 9.30, -14.54, 48.99, 29.55, 1, 82),
(74, 21.82, 4.27, 36.56, 25.53, 0, 83),
(75, -8.68, -16.60, 34.23, 42.33, 0, 84),
(76, 10.47, -14.17, -17.93, 18.03, 0, 85),
(77, 14.02, 8.94, 49.53, 30.64, 1, 86),
(78, -3.25, 28.20, 41.09, 24.90, 1, 87),
(79, 28.38, 41.48, 39.31, -2.75, 0, 88),
(80, 14.55, -9.52, 46.18, 49.55, 0, 89),
(81, 27.15, 42.09, 3.65, 31.27, 1, 90),
(82, 30.98, 21.67, 27.09, 7.24, 0, 91),
(83, 26.26, 19.10, 46.06, 31.17, 0, 93),
(84, 45.70, -3.35, 49.88, 14.36, 0, 94),
(85, -6.29, 49.52, -5.77, 1.70, 0, 95),
(86, 35.69, 12.80, 20.85, 20.68, 1, 96),
(87, 15.40, 40.94, 45.94, 2.99, 1, 97),
(88, 19.34, 12.22, 30.42, -9.94, 0, 99),
(89, 4.47, 0.99, -2.96, 46.54, 0, 100),
(90, 3.33, 34.63, 18.51, 44.91, 0, 101),
(91, -15.89, 44.88, 17.53, -8.68, 1, 102),
(92, 25.35, 49.93, 35.77, 21.60, 0, 103),
(93, 34.23, 31.50, -12.16, 6.30, 1, 104),
(94, 26.12, 28.37, -18.11, 23.26, 1, 105),
(95, -16.05, 12.57, 0.58, 0.22, 0, 106),
(96, -18.06, 24.87, 4.17, -1.37, 1, 107),
(97, 47.15, 37.95, -16.91, -17.38, 1, 108),
(98, 44.69, -11.93, 47.79, 13.53, 1, 109),
(99, -3.21, 43.10, 7.87, 31.50, 1, 111),
(100, 13.01, -10.05, 9.44, 36.75, 1, 112),
(101, -13.08, -12.04, 26.06, 30.58, 0, 113),
(102, 46.55, -19.86, -6.23, -6.52, 0, 114),
(103, -13.87, 48.83, 3.00, -6.06, 1, 115),
(104, 4.06, 40.47, 24.84, 1.17, 1, 116),
(105, 26.95, -17.13, 0.13, 37.76, 0, 117),
(106, 6.56, 46.01, 33.06, 4.92, 0, 118),
(107, 37.38, -10.31, 0.66, 24.09, 1, 119),
(108, -4.58, -15.57, 20.65, 6.00, 1, 120),
(109, 19.32, 37.64, -10.24, 13.81, 1, 121),
(110, -16.10, 41.01, 15.93, 17.45, 0, 122),
(111, 18.70, 9.04, 15.13, 12.52, 0, 123),
(112, -16.31, 26.45, 14.92, 3.91, 0, 124),
(113, -18.95, -0.84, 5.72, 42.33, 0, 125),
(114, 39.48, 15.31, 30.95, -8.59, 0, 126),
(115, 20.27, -3.28, 35.39, -9.47, 1, 127),
(116, -8.44, 20.23, 38.95, -0.89, 0, 128),
(117, 25.17, 25.16, -19.73, -7.50, 0, 129),
(118, 1.81, 11.78, 42.88, 41.62, 1, 130),
(119, -13.65, -15.15, 4.06, 33.03, 1, 131),
(120, 36.41, 35.60, 17.32, -16.40, 1, 132),
(121, -16.87, 23.31, -2.87, 12.51, 1, 133),
(122, -11.14, 27.21, 9.92, -18.03, 1, 134),
(123, 18.76, 13.89, 39.45, -17.47, 1, 135),
(124, 4.29, -16.19, 35.08, 8.25, 0, 136),
(125, 13.70, 49.77, -15.27, 16.29, 0, 137),
(126, -4.14, 42.68, 26.01, -12.28, 1, 138),
(127, -9.22, 30.41, 21.75, 9.47, 0, 139),
(128, 2.27, 17.62, 25.03, -16.86, 1, 140),
(129, 7.12, 20.09, 49.75, 15.19, 1, 141),
(130, -13.18, 41.88, -15.29, 44.90, 0, 142),
(131, -3.94, 45.31, 0.25, -14.99, 0, 143),
(132, 44.32, 12.35, -8.78, 0.25, 0, 144),
(133, 42.46, 35.18, 10.73, -13.51, 0, 145),
(134, -9.76, -2.49, 37.22, 40.10, 0, 146),
(135, 9.27, 4.16, 24.08, -10.21, 1, 147),
(136, 22.35, -4.37, 17.87, 47.09, 0, 148),
(137, -19.70, 26.25, 28.52, 47.44, 0, 149),
(138, 35.22, 29.05, 49.34, 37.71, 1, 150),
(139, -12.49, 2.90, -3.35, 14.02, 0, 151),
(140, 11.17, 8.36, 45.39, -8.03, 1, 152),
(141, 26.52, -2.51, 25.91, -4.23, 1, 153),
(142, -0.17, 35.45, 20.89, 3.46, 1, 155),
(143, 42.78, -8.86, 43.21, -6.37, 0, 156),
(144, 35.04, -9.00, 17.53, 14.71, 0, 157),
(145, 37.12, -7.68, 35.94, 26.16, 1, 158),
(146, -15.00, 35.09, 2.98, 45.32, 0, 159),
(147, 30.95, 12.92, 33.24, 8.84, 1, 160),
(148, 43.21, 25.51, 15.23, 43.83, 0, 161),
(149, 28.55, -11.51, 16.69, -8.50, 1, 162),
(150, 30.59, 6.09, 29.75, 7.31, 1, 163),
(151, 38.88, -0.38, 29.31, 41.37, 1, 164),
(152, 7.10, 31.70, 36.34, -8.76, 1, 165),
(153, 19.57, 46.71, 15.30, 19.46, 1, 166),
(154, 7.01, 24.10, 25.07, 21.93, 0, 167),
(155, -10.57, 39.35, -2.60, -5.60, 0, 168),
(156, -6.11, 8.94, -14.36, 6.73, 0, 169),
(157, 41.28, 2.71, 49.60, 2.52, 1, 170),
(158, 15.04, -3.31, 19.19, 5.96, 1, 172),
(159, 37.43, 19.71, 17.78, 27.94, 1, 173),
(160, -4.64, 48.21, -2.99, 1.07, 0, 174),
(161, 16.91, 24.31, 46.09, 30.06, 1, 176),
(162, 39.28, 11.87, 25.93, 29.62, 0, 177),
(163, 7.03, -12.66, 37.30, -13.20, 0, 178),
(164, 31.44, -8.49, -9.65, 33.58, 0, 179),
(165, 24.71, 47.46, 5.11, 42.56, 1, 180),
(166, 30.69, 6.20, 46.10, -5.66, 1, 181),
(167, 43.10, 35.69, 9.47, -2.54, 0, 182),
(168, -7.85, 36.76, 22.45, 13.35, 0, 183),
(169, 40.64, -0.40, 12.68, -17.36, 0, 184),
(170, 37.63, 5.34, 29.77, 1.37, 1, 185),
(171, 44.27, 15.57, -0.89, 0.57, 0, 186),
(172, 12.60, 49.73, 18.41, -18.24, 0, 187),
(173, 40.72, 1.40, 13.76, 33.09, 1, 188),
(174, 32.36, 38.64, 36.03, -15.41, 1, 190),
(175, 43.16, 40.08, 30.52, -6.66, 1, 191),
(176, -7.19, -16.73, -0.72, 25.01, 1, 192),
(177, -4.15, 15.72, 16.42, 13.51, 1, 193),
(178, 39.33, -16.44, 48.57, 39.64, 1, 194),
(179, 13.99, 12.54, 15.63, 22.64, 0, 196),
(180, 19.75, -19.07, 16.15, -0.32, 0, 197),
(181, 22.81, 49.86, 44.50, 1.03, 1, 198),
(182, 46.27, 13.80, -19.04, 35.56, 1, 199),
(183, 49.82, 9.54, 37.80, 36.08, 1, 200),
(184, 33.17, 39.18, 17.31, 36.80, 0, 201),
(185, 30.00, 18.38, 27.62, -6.52, 1, 203),
(186, 15.10, 11.11, 35.03, -11.19, 1, 205),
(187, 48.41, -10.63, 30.22, -8.36, 1, 207),
(188, 2.67, 47.69, 29.13, 41.09, 1, 208),
(189, 48.04, -17.00, 31.18, -19.61, 1, 210),
(190, -19.40, 45.01, 15.42, -0.23, 0, 211),
(191, -8.15, 11.96, 5.74, 8.19, 1, 212),
(192, 45.09, 15.79, 28.41, 45.15, 1, 213),
(193, 47.64, -10.26, 40.05, 44.33, 1, 214),
(194, 1.97, -18.43, 24.73, -6.37, 1, 215),
(195, 6.01, -9.30, -14.54, 28.60, 0, 216),
(196, 44.00, 26.23, 38.56, -19.22, 0, 217),
(197, 18.16, 14.75, 48.35, -9.37, 0, 218),
(198, 4.52, 17.47, 21.57, 43.17, 1, 219),
(199, -15.62, 4.59, 30.91, 35.50, 1, 220),
(200, 43.60, 49.31, 7.49, 32.88, 0, 221),
(201, 14.70, 3.92, -17.69, -16.95, 0, 223),
(202, 0.46, 32.69, 4.63, -1.51, 1, 225),
(203, 23.90, 18.48, 20.31, 16.97, 0, 226),
(204, -18.18, 37.25, -8.86, 36.15, 0, 227),
(205, 15.33, 23.96, 31.49, 28.57, 0, 228),
(206, 45.90, -10.28, -6.17, 31.79, 1, 230),
(207, 30.25, -14.57, 39.17, 7.16, 0, 231),
(208, 3.87, -19.96, 15.48, 14.21, 0, 232),
(209, 13.38, 19.97, 40.43, -18.84, 0, 233),
(210, -2.71, 49.37, -14.66, -14.94, 1, 234),
(211, 17.84, 14.31, 48.83, 34.84, 0, 235),
(212, 29.56, 40.91, 32.30, 41.02, 0, 236),
(213, 6.89, -16.65, 33.88, 46.58, 1, 237),
(214, 41.68, 2.04, 45.67, 11.31, 1, 238),
(215, -18.57, 42.96, 30.36, 41.00, 0, 239),
(216, -11.79, 31.99, 18.44, 3.48, 1, 240),
(217, 47.49, 7.96, 32.01, 7.10, 1, 241),
(218, 3.75, 14.14, 18.74, -10.87, 1, 242),
(219, 49.24, -17.11, 48.30, 35.49, 1, 244),
(220, 39.92, 1.07, -2.34, 0.50, 1, 245),
(221, 49.98, 8.39, 0.06, 37.52, 1, 246),
(222, -11.65, 35.97, 23.41, 46.62, 0, 247),
(223, 49.37, -1.41, 0.89, -11.92, 1, 248),
(224, 49.94, 47.01, 34.18, -8.24, 0, 249),
(225, 23.56, 14.99, 45.60, 43.25, 1, 250),
(226, 32.75, 4.39, 14.67, 47.96, 0, 252),
(227, -19.91, 34.31, 23.33, -2.80, 1, 253),
(228, 28.33, 2.12, 26.91, -15.79, 0, 254),
(229, 8.28, 38.87, 18.60, 1.86, 0, 255),
(230, -3.10, 1.64, 40.48, 21.31, 1, 256),
(231, 48.98, -19.36, 28.24, 19.17, 1, 257),
(232, 35.31, 43.85, 35.11, 6.00, 1, 258),
(233, -14.76, 12.19, 18.64, -10.88, 0, 259),
(234, 9.48, 8.68, -19.60, 31.55, 1, 260),
(235, 17.76, 10.82, 10.01, -4.46, 1, 261),
(236, 38.66, 14.23, -13.54, 8.26, 0, 262),
(237, 31.39, 36.43, 47.31, 40.14, 0, 263),
(238, -12.07, 32.96, -14.30, 16.38, 0, 264),
(239, 49.20, 37.75, 26.97, 17.48, 1, 265),
(240, 33.50, 3.01, -18.80, -13.37, 1, 266),
(241, -4.58, 5.49, 27.96, -17.99, 1, 267),
(242, 32.39, 16.32, 24.78, -13.78, 0, 268),
(243, -19.82, 23.42, 2.75, 43.67, 1, 270),
(244, 35.15, -16.34, -8.76, 22.77, 1, 271),
(245, 33.38, -12.81, -16.30, 21.57, 0, 272),
(246, 19.85, 45.70, 20.99, 7.30, 1, 273),
(247, 29.47, 15.67, 16.60, 22.87, 0, 274),
(248, -2.57, 0.46, 13.02, 16.71, 0, 275),
(249, 18.76, 31.38, -11.97, 47.19, 1, 276),
(250, 15.91, 42.39, 35.67, 3.51, 0, 277),
(251, 4.78, 19.14, 37.36, 20.87, 0, 278),
(252, 49.21, -12.19, 18.92, 49.55, 1, 279),
(253, 8.90, 29.93, 11.41, 45.55, 1, 281),
(254, 6.16, -10.81, 17.15, -17.73, 0, 282),
(255, 45.09, 35.66, -6.63, 30.17, 0, 283),
(256, 43.53, 13.54, 31.79, -2.59, 0, 284),
(257, 23.34, 49.90, -8.86, 11.48, 0, 285),
(258, -3.21, 31.01, 4.35, 12.19, 1, 286),
(259, 30.40, 1.68, -16.78, 41.98, 0, 287),
(260, -18.44, -15.78, 22.73, -0.33, 0, 288),
(261, 27.74, 44.38, -10.01, 39.20, 1, 289),
(262, 35.91, 27.44, -8.86, -19.64, 1, 290),
(263, 42.82, 5.52, 28.94, 8.59, 1, 291),
(264, -19.71, 20.09, 48.71, 44.06, 0, 292),
(265, 29.96, 26.93, 41.54, 31.88, 1, 293),
(266, 1.19, 11.46, -4.84, 33.32, 0, 294),
(267, -7.59, 48.67, 35.70, -11.82, 0, 295),
(268, 41.01, 0.85, 32.47, 29.99, 0, 296),
(269, 31.25, 49.77, 21.21, -17.41, 0, 297),
(270, -8.16, -3.79, 32.52, 18.59, 1, 298),
(271, 27.90, 8.07, 31.58, 5.65, 1, 300);

-- --------------------------------------------------------

--
-- Table structure for table `Time_Stamps`
--

CREATE TABLE `Time_Stamps` (
  `id_Time_Stamp` int(11) NOT NULL,
  `Date` date NOT NULL,
  `Time` time NOT NULL,
  `fk_Weather_ForecastCode` varchar(20) NOT NULL,
  `fk_Weather_ForecastDate` date NOT NULL
) ENGINE=InnoDB DEFAULT CHARSET=utf8mb4 COLLATE=utf8mb4_general_ci;

--
-- Dumping data for table `Time_Stamps`
--

INSERT INTO `Time_Stamps` (`id_Time_Stamp`, `Date`, `Time`, `fk_Weather_ForecastCode`, `fk_Weather_ForecastDate`) VALUES
(1, '2014-03-25', '07:21:00', 'FC0', '2014-03-25'),
(2, '2014-03-25', '19:23:00', 'FC0', '2014-03-25'),
(3, '2014-03-25', '09:25:00', 'FC0', '2014-03-25'),
(4, '2008-12-22', '16:10:00', 'FC1', '2008-12-22'),
(5, '2008-12-22', '13:08:00', 'FC1', '2008-12-22'),
(6, '2008-12-22', '18:14:00', 'FC1', '2008-12-22'),
(7, '2012-04-06', '07:34:00', 'FC2', '2012-04-06'),
(8, '2012-04-06', '02:44:00', 'FC2', '2012-04-06'),
(9, '2012-04-06', '06:36:00', 'FC2', '2012-04-06'),
(10, '1991-08-27', '16:59:00', 'FC3', '1991-08-27'),
(11, '1991-08-27', '05:43:00', 'FC3', '1991-08-27'),
(12, '1991-08-27', '11:13:00', 'FC3', '1991-08-27'),
(13, '2004-06-20', '06:56:00', 'FC4', '2004-06-20'),
(14, '2004-06-20', '03:43:00', 'FC4', '2004-06-20'),
(15, '2004-06-20', '01:17:00', 'FC4', '2004-06-20'),
(16, '2013-05-20', '06:57:00', 'FC1000', '2013-05-20'),
(17, '2013-05-20', '02:15:00', 'FC1000', '2013-05-20'),
(18, '2013-05-20', '16:52:00', 'FC1000', '2013-05-20'),
(19, '2023-11-20', '23:56:00', 'FC1001', '2023-11-20'),
(20, '2023-11-20', '14:28:00', 'FC1001', '2023-11-20'),
(21, '2023-11-20', '01:03:00', 'FC1001', '2023-11-20'),
(22, '2014-12-26', '00:41:00', 'FC1002', '2014-12-26'),
(23, '2014-12-26', '21:03:00', 'FC1002', '2014-12-26'),
(24, '2014-12-26', '07:14:00', 'FC1002', '2014-12-26'),
(25, '2013-07-17', '23:43:00', 'FC1003', '2013-07-17'),
(26, '2013-07-17', '01:06:00', 'FC1003', '2013-07-17'),
(27, '2013-07-17', '18:39:00', 'FC1003', '2013-07-17'),
(28, '1991-04-04', '06:49:00', 'FC1004', '1991-04-04'),
(29, '1991-04-04', '17:01:00', 'FC1004', '1991-04-04'),
(30, '1991-04-04', '23:54:00', 'FC1004', '1991-04-04'),
(31, '2001-09-26', '21:06:00', 'FC2000', '2001-09-26'),
(32, '2001-09-26', '06:58:00', 'FC2000', '2001-09-26'),
(33, '2001-09-26', '19:40:00', 'FC2000', '2001-09-26'),
(34, '1993-08-11', '21:22:00', 'FC2001', '1993-08-11'),
(35, '1993-08-11', '10:10:00', 'FC2001', '1993-08-11'),
(36, '1993-08-11', '15:55:00', 'FC2001', '1993-08-11'),
(37, '2019-03-08', '14:21:00', 'FC2002', '2019-03-08'),
(38, '2019-03-08', '20:57:00', 'FC2002', '2019-03-08'),
(39, '2019-03-08', '11:25:00', 'FC2002', '2019-03-08'),
(40, '2010-09-12', '02:35:00', 'FC2003', '2010-09-12'),
(41, '2010-09-12', '00:05:00', 'FC2003', '2010-09-12'),
(42, '2010-09-12', '05:57:00', 'FC2003', '2010-09-12'),
(43, '2016-09-22', '08:23:00', 'FC2004', '2016-09-22'),
(44, '2016-09-22', '10:57:00', 'FC2004', '2016-09-22'),
(45, '2016-09-22', '12:46:00', 'FC2004', '2016-09-22'),
(46, '2012-06-15', '19:24:00', 'FC3000', '2012-06-15'),
(47, '2012-06-15', '01:30:00', 'FC3000', '2012-06-15'),
(48, '2012-06-15', '15:22:00', 'FC3000', '2012-06-15'),
(49, '1999-01-03', '13:21:00', 'FC3001', '1999-01-03'),
(50, '1999-01-03', '17:16:00', 'FC3001', '1999-01-03'),
(51, '1999-01-03', '13:44:00', 'FC3001', '1999-01-03'),
(52, '2019-04-18', '06:39:00', 'FC3002', '2019-04-18'),
(53, '2019-04-18', '13:26:00', 'FC3002', '2019-04-18'),
(54, '2019-04-18', '08:18:00', 'FC3002', '2019-04-18'),
(55, '2005-09-16', '01:19:00', 'FC3003', '2005-09-16'),
(56, '2005-09-16', '08:58:00', 'FC3003', '2005-09-16'),
(57, '2005-09-16', '02:15:00', 'FC3003', '2005-09-16'),
(58, '2021-08-03', '14:42:00', 'FC3004', '2021-08-03'),
(59, '2021-08-03', '06:50:00', 'FC3004', '2021-08-03'),
(60, '2021-08-03', '17:27:00', 'FC3004', '2021-08-03'),
(61, '2007-07-13', '00:05:00', 'FC4000', '2007-07-13'),
(62, '2007-07-13', '13:28:00', 'FC4000', '2007-07-13'),
(63, '2007-07-13', '12:46:00', 'FC4000', '2007-07-13'),
(64, '1993-06-02', '23:40:00', 'FC4001', '1993-06-02'),
(65, '1993-06-02', '21:27:00', 'FC4001', '1993-06-02'),
(66, '1993-06-02', '23:42:00', 'FC4001', '1993-06-02'),
(67, '2017-09-01', '16:32:00', 'FC4002', '2017-09-01'),
(68, '2017-09-01', '16:56:00', 'FC4002', '2017-09-01'),
(69, '2017-09-01', '07:43:00', 'FC4002', '2017-09-01'),
(70, '1996-01-06', '23:28:00', 'FC4003', '1996-01-06'),
(71, '1996-01-06', '13:24:00', 'FC4003', '1996-01-06'),
(72, '1996-01-06', '04:02:00', 'FC4003', '1996-01-06'),
(73, '2008-05-30', '12:36:00', 'FC4004', '2008-05-30'),
(74, '2008-05-30', '14:53:00', 'FC4004', '2008-05-30'),
(75, '2008-05-30', '20:57:00', 'FC4004', '2008-05-30'),
(76, '2022-03-03', '19:11:00', 'FC5000', '2022-03-03'),
(77, '2022-03-03', '11:14:00', 'FC5000', '2022-03-03'),
(78, '2022-03-03', '13:19:00', 'FC5000', '2022-03-03'),
(79, '1993-10-14', '17:48:00', 'FC5001', '1993-10-14'),
(80, '1993-10-14', '10:05:00', 'FC5001', '1993-10-14'),
(81, '1993-10-14', '10:17:00', 'FC5001', '1993-10-14'),
(82, '2010-07-31', '07:40:00', 'FC5002', '2010-07-31'),
(83, '2010-07-31', '17:02:00', 'FC5002', '2010-07-31'),
(84, '2010-07-31', '21:33:00', 'FC5002', '2010-07-31'),
(85, '1999-10-27', '19:33:00', 'FC5003', '1999-10-27'),
(86, '1999-10-27', '19:46:00', 'FC5003', '1999-10-27'),
(87, '1999-10-27', '13:54:00', 'FC5003', '1999-10-27'),
(88, '2021-08-13', '10:28:00', 'FC5004', '2021-08-13'),
(89, '2021-08-13', '23:03:00', 'FC5004', '2021-08-13'),
(90, '2021-08-13', '02:14:00', 'FC5004', '2021-08-13'),
(91, '2012-04-26', '01:16:00', 'FC6000', '2012-04-26'),
(92, '2012-04-26', '08:57:00', 'FC6000', '2012-04-26'),
(93, '2012-04-26', '03:57:00', 'FC6000', '2012-04-26'),
(94, '2005-12-25', '20:26:00', 'FC6001', '2005-12-25'),
(95, '2005-12-25', '17:33:00', 'FC6001', '2005-12-25'),
(96, '2005-12-25', '05:12:00', 'FC6001', '2005-12-25'),
(97, '2006-01-27', '16:56:00', 'FC6002', '2006-01-27'),
(98, '2006-01-27', '00:53:00', 'FC6002', '2006-01-27'),
(99, '2006-01-27', '08:30:00', 'FC6002', '2006-01-27'),
(100, '2003-07-23', '16:47:00', 'FC6003', '2003-07-23'),
(101, '2003-07-23', '18:57:00', 'FC6003', '2003-07-23'),
(102, '2003-07-23', '02:14:00', 'FC6003', '2003-07-23'),
(103, '2001-05-12', '05:13:00', 'FC6004', '2001-05-12'),
(104, '2001-05-12', '05:07:00', 'FC6004', '2001-05-12'),
(105, '2001-05-12', '15:20:00', 'FC6004', '2001-05-12'),
(106, '1990-12-01', '23:44:00', 'FC7000', '1990-12-01'),
(107, '1990-12-01', '15:07:00', 'FC7000', '1990-12-01'),
(108, '1990-12-01', '10:31:00', 'FC7000', '1990-12-01'),
(109, '2021-12-01', '03:47:00', 'FC7001', '2021-12-01'),
(110, '2021-12-01', '19:31:00', 'FC7001', '2021-12-01'),
(111, '2021-12-01', '01:55:00', 'FC7001', '2021-12-01'),
(112, '2003-11-05', '18:11:00', 'FC7002', '2003-11-05'),
(113, '2003-11-05', '11:22:00', 'FC7002', '2003-11-05'),
(114, '2003-11-05', '13:49:00', 'FC7002', '2003-11-05'),
(115, '1994-09-09', '02:24:00', 'FC7003', '1994-09-09'),
(116, '1994-09-09', '17:52:00', 'FC7003', '1994-09-09'),
(117, '1994-09-09', '07:45:00', 'FC7003', '1994-09-09'),
(118, '2013-12-09', '08:59:00', 'FC7004', '2013-12-09'),
(119, '2013-12-09', '21:49:00', 'FC7004', '2013-12-09'),
(120, '2013-12-09', '03:28:00', 'FC7004', '2013-12-09'),
(121, '2001-12-15', '23:43:00', 'FC8000', '2001-12-15'),
(122, '2001-12-15', '01:59:00', 'FC8000', '2001-12-15'),
(123, '2001-12-15', '00:37:00', 'FC8000', '2001-12-15'),
(124, '2019-04-16', '09:57:00', 'FC8001', '2019-04-16'),
(125, '2019-04-16', '14:59:00', 'FC8001', '2019-04-16'),
(126, '2019-04-16', '18:27:00', 'FC8001', '2019-04-16'),
(127, '1998-03-13', '19:21:00', 'FC8002', '1998-03-13'),
(128, '1998-03-13', '06:59:00', 'FC8002', '1998-03-13'),
(129, '1998-03-13', '05:31:00', 'FC8002', '1998-03-13'),
(130, '1997-12-09', '21:50:00', 'FC8003', '1997-12-09'),
(131, '1997-12-09', '11:42:00', 'FC8003', '1997-12-09'),
(132, '1997-12-09', '15:50:00', 'FC8003', '1997-12-09'),
(133, '2012-10-10', '23:21:00', 'FC8004', '2012-10-10'),
(134, '2012-10-10', '19:10:00', 'FC8004', '2012-10-10'),
(135, '2012-10-10', '03:12:00', 'FC8004', '2012-10-10'),
(136, '1991-11-28', '09:34:00', 'FC9000', '1991-11-28'),
(137, '1991-11-28', '04:00:00', 'FC9000', '1991-11-28'),
(138, '1991-11-28', '16:42:00', 'FC9000', '1991-11-28'),
(139, '2024-05-26', '02:12:00', 'FC9001', '2024-05-26'),
(140, '2024-05-26', '16:34:00', 'FC9001', '2024-05-26'),
(141, '2024-05-26', '22:12:00', 'FC9001', '2024-05-26'),
(142, '2013-03-30', '07:36:00', 'FC9002', '2013-03-30'),
(143, '2013-03-30', '15:31:00', 'FC9002', '2013-03-30'),
(144, '2013-03-30', '16:27:00', 'FC9002', '2013-03-30'),
(145, '1993-03-29', '09:51:00', 'FC9003', '1993-03-29'),
(146, '1993-03-29', '08:40:00', 'FC9003', '1993-03-29'),
(147, '1993-03-29', '07:04:00', 'FC9003', '1993-03-29'),
(148, '2006-07-17', '00:50:00', 'FC9004', '2006-07-17'),
(149, '2006-07-17', '01:42:00', 'FC9004', '2006-07-17'),
(150, '2006-07-17', '03:45:00', 'FC9004', '2006-07-17'),
(151, '2005-07-23', '19:56:00', 'FC10000', '2005-07-23'),
(152, '2005-07-23', '22:58:00', 'FC10000', '2005-07-23'),
(153, '2005-07-23', '04:53:00', 'FC10000', '2005-07-23'),
(154, '2009-10-07', '12:02:00', 'FC10001', '2009-10-07'),
(155, '2009-10-07', '16:03:00', 'FC10001', '2009-10-07'),
(156, '2009-10-07', '05:38:00', 'FC10001', '2009-10-07'),
(157, '2005-10-24', '20:12:00', 'FC10002', '2005-10-24'),
(158, '2005-10-24', '00:13:00', 'FC10002', '2005-10-24'),
(159, '2005-10-24', '08:18:00', 'FC10002', '2005-10-24'),
(160, '2004-11-12', '06:42:00', 'FC10003', '2004-11-12'),
(161, '2004-11-12', '14:42:00', 'FC10003', '2004-11-12'),
(162, '2004-11-12', '03:59:00', 'FC10003', '2004-11-12'),
(163, '2018-08-17', '05:49:00', 'FC10004', '2018-08-17'),
(164, '2018-08-17', '00:00:00', 'FC10004', '2018-08-17'),
(165, '2018-08-17', '16:29:00', 'FC10004', '2018-08-17'),
(166, '2016-07-10', '03:43:00', 'FC11000', '2016-07-10'),
(167, '2016-07-10', '20:36:00', 'FC11000', '2016-07-10'),
(168, '2016-07-10', '18:34:00', 'FC11000', '2016-07-10'),
(169, '1992-12-18', '15:50:00', 'FC11001', '1992-12-18'),
(170, '1992-12-18', '15:19:00', 'FC11001', '1992-12-18'),
(171, '1992-12-18', '17:16:00', 'FC11001', '1992-12-18'),
(172, '2022-07-05', '06:48:00', 'FC11002', '2022-07-05'),
(173, '2022-07-05', '21:56:00', 'FC11002', '2022-07-05'),
(174, '2022-07-05', '14:34:00', 'FC11002', '2022-07-05'),
(175, '2009-11-29', '18:44:00', 'FC11003', '2009-11-29'),
(176, '2009-11-29', '19:08:00', 'FC11003', '2009-11-29'),
(177, '2009-11-29', '04:04:00', 'FC11003', '2009-11-29'),
(178, '2021-12-28', '04:46:00', 'FC11004', '2021-12-28'),
(179, '2021-12-28', '08:25:00', 'FC11004', '2021-12-28'),
(180, '2021-12-28', '05:06:00', 'FC11004', '2021-12-28'),
(181, '1990-05-01', '12:51:00', 'FC12000', '1990-05-01'),
(182, '1990-05-01', '09:37:00', 'FC12000', '1990-05-01'),
(183, '1990-05-01', '08:41:00', 'FC12000', '1990-05-01'),
(184, '2020-12-06', '19:04:00', 'FC12001', '2020-12-06'),
(185, '2020-12-06', '10:01:00', 'FC12001', '2020-12-06'),
(186, '2020-12-06', '10:57:00', 'FC12001', '2020-12-06'),
(187, '2021-10-10', '00:08:00', 'FC12002', '2021-10-10'),
(188, '2021-10-10', '10:34:00', 'FC12002', '2021-10-10'),
(189, '2021-10-10', '16:14:00', 'FC12002', '2021-10-10'),
(190, '2022-10-08', '13:26:00', 'FC12003', '2022-10-08'),
(191, '2022-10-08', '14:42:00', 'FC12003', '2022-10-08'),
(192, '2022-10-08', '19:41:00', 'FC12003', '2022-10-08'),
(193, '1991-12-24', '00:47:00', 'FC12004', '1991-12-24'),
(194, '1991-12-24', '20:15:00', 'FC12004', '1991-12-24'),
(195, '1991-12-24', '08:50:00', 'FC12004', '1991-12-24'),
(196, '2022-06-21', '04:10:00', 'FC13000', '2022-06-21'),
(197, '2022-06-21', '15:25:00', 'FC13000', '2022-06-21'),
(198, '2022-06-21', '17:16:00', 'FC13000', '2022-06-21'),
(199, '2010-11-20', '21:56:00', 'FC13001', '2010-11-20'),
(200, '2010-11-20', '11:01:00', 'FC13001', '2010-11-20'),
(201, '2010-11-20', '21:46:00', 'FC13001', '2010-11-20'),
(202, '2010-07-10', '21:00:00', 'FC13002', '2010-07-10'),
(203, '2010-07-10', '17:49:00', 'FC13002', '2010-07-10'),
(204, '2010-07-10', '23:34:00', 'FC13002', '2010-07-10'),
(205, '1997-02-03', '19:31:00', 'FC13003', '1997-02-03'),
(206, '1997-02-03', '05:17:00', 'FC13003', '1997-02-03'),
(207, '1997-02-03', '22:07:00', 'FC13003', '1997-02-03'),
(208, '2019-10-11', '03:40:00', 'FC13004', '2019-10-11'),
(209, '2019-10-11', '20:25:00', 'FC13004', '2019-10-11'),
(210, '2019-10-11', '04:17:00', 'FC13004', '2019-10-11'),
(211, '2012-07-15', '03:34:00', 'FC14000', '2012-07-15'),
(212, '2012-07-15', '22:00:00', 'FC14000', '2012-07-15'),
(213, '2012-07-15', '02:39:00', 'FC14000', '2012-07-15'),
(214, '2010-05-27', '09:49:00', 'FC14001', '2010-05-27'),
(215, '2010-05-27', '06:00:00', 'FC14001', '2010-05-27'),
(216, '2010-05-27', '19:08:00', 'FC14001', '2010-05-27'),
(217, '1993-10-19', '17:44:00', 'FC14002', '1993-10-19'),
(218, '1993-10-19', '09:06:00', 'FC14002', '1993-10-19'),
(219, '1993-10-19', '07:25:00', 'FC14002', '1993-10-19'),
(220, '2000-04-04', '16:50:00', 'FC14003', '2000-04-04'),
(221, '2000-04-04', '03:18:00', 'FC14003', '2000-04-04'),
(222, '2000-04-04', '14:34:00', 'FC14003', '2000-04-04'),
(223, '2004-02-06', '18:59:00', 'FC14004', '2004-02-06'),
(224, '2004-02-06', '01:00:00', 'FC14004', '2004-02-06'),
(225, '2004-02-06', '17:53:00', 'FC14004', '2004-02-06'),
(226, '2022-10-08', '02:37:00', 'FC15000', '2022-10-08'),
(227, '2022-10-08', '03:22:00', 'FC15000', '2022-10-08'),
(228, '2022-10-08', '09:39:00', 'FC15000', '2022-10-08'),
(229, '1991-05-05', '20:32:00', 'FC15001', '1991-05-05'),
(230, '1991-05-05', '00:32:00', 'FC15001', '1991-05-05'),
(231, '1991-05-05', '22:29:00', 'FC15001', '1991-05-05'),
(232, '2015-11-05', '17:35:00', 'FC15002', '2015-11-05'),
(233, '2015-11-05', '18:10:00', 'FC15002', '2015-11-05'),
(234, '2015-11-05', '19:28:00', 'FC15002', '2015-11-05'),
(235, '1991-03-30', '09:45:00', 'FC15003', '1991-03-30'),
(236, '1991-03-30', '15:38:00', 'FC15003', '1991-03-30'),
(237, '1991-03-30', '22:38:00', 'FC15003', '1991-03-30'),
(238, '1990-08-28', '07:42:00', 'FC15004', '1990-08-28'),
(239, '1990-08-28', '16:41:00', 'FC15004', '1990-08-28'),
(240, '1990-08-28', '05:33:00', 'FC15004', '1990-08-28'),
(241, '2020-12-20', '11:30:00', 'FC16000', '2020-12-20'),
(242, '2020-12-20', '05:34:00', 'FC16000', '2020-12-20'),
(243, '2020-12-20', '22:03:00', 'FC16000', '2020-12-20'),
(244, '2022-05-30', '16:40:00', 'FC16001', '2022-05-30'),
(245, '2022-05-30', '11:12:00', 'FC16001', '2022-05-30'),
(246, '2022-05-30', '03:47:00', 'FC16001', '2022-05-30'),
(247, '1998-04-28', '06:36:00', 'FC16002', '1998-04-28'),
(248, '1998-04-28', '19:57:00', 'FC16002', '1998-04-28'),
(249, '1998-04-28', '01:43:00', 'FC16002', '1998-04-28'),
(250, '1999-01-25', '11:08:00', 'FC16003', '1999-01-25'),
(251, '1999-01-25', '01:24:00', 'FC16003', '1999-01-25'),
(252, '1999-01-25', '06:26:00', 'FC16003', '1999-01-25'),
(253, '2008-01-22', '17:35:00', 'FC16004', '2008-01-22'),
(254, '2008-01-22', '02:56:00', 'FC16004', '2008-01-22'),
(255, '2008-01-22', '18:29:00', 'FC16004', '2008-01-22'),
(256, '2015-06-03', '16:51:00', 'FC17000', '2015-06-03'),
(257, '2015-06-03', '19:27:00', 'FC17000', '2015-06-03'),
(258, '2015-06-03', '21:23:00', 'FC17000', '2015-06-03'),
(259, '2010-12-15', '14:01:00', 'FC17001', '2010-12-15'),
(260, '2010-12-15', '06:05:00', 'FC17001', '2010-12-15'),
(261, '2010-12-15', '03:21:00', 'FC17001', '2010-12-15'),
(262, '2016-06-19', '05:17:00', 'FC17002', '2016-06-19'),
(263, '2016-06-19', '09:13:00', 'FC17002', '2016-06-19'),
(264, '2016-06-19', '12:16:00', 'FC17002', '2016-06-19'),
(265, '1990-09-01', '12:23:00', 'FC17003', '1990-09-01'),
(266, '1990-09-01', '17:09:00', 'FC17003', '1990-09-01'),
(267, '1990-09-01', '14:48:00', 'FC17003', '1990-09-01'),
(268, '2013-03-02', '14:59:00', 'FC17004', '2013-03-02'),
(269, '2013-03-02', '11:44:00', 'FC17004', '2013-03-02'),
(270, '2013-03-02', '19:55:00', 'FC17004', '2013-03-02'),
(271, '2004-04-03', '18:57:00', 'FC18000', '2004-04-03'),
(272, '2004-04-03', '13:12:00', 'FC18000', '2004-04-03'),
(273, '2004-04-03', '07:01:00', 'FC18000', '2004-04-03'),
(274, '2004-06-14', '09:14:00', 'FC18001', '2004-06-14'),
(275, '2004-06-14', '00:45:00', 'FC18001', '2004-06-14'),
(276, '2004-06-14', '21:17:00', 'FC18001', '2004-06-14'),
(277, '2022-01-24', '15:06:00', 'FC18002', '2022-01-24'),
(278, '2022-01-24', '19:22:00', 'FC18002', '2022-01-24'),
(279, '2022-01-24', '08:54:00', 'FC18002', '2022-01-24'),
(280, '1990-11-29', '05:45:00', 'FC18003', '1990-11-29'),
(281, '1990-11-29', '05:19:00', 'FC18003', '1990-11-29'),
(282, '1990-11-29', '12:29:00', 'FC18003', '1990-11-29'),
(283, '2024-05-02', '22:26:00', 'FC18004', '2024-05-02'),
(284, '2024-05-02', '14:50:00', 'FC18004', '2024-05-02'),
(285, '2024-05-02', '22:14:00', 'FC18004', '2024-05-02'),
(286, '2018-10-01', '14:28:00', 'FC19000', '2018-10-01'),
(287, '2018-10-01', '03:10:00', 'FC19000', '2018-10-01'),
(288, '2018-10-01', '10:13:00', 'FC19000', '2018-10-01'),
(289, '1991-11-18', '01:32:00', 'FC19001', '1991-11-18'),
(290, '1991-11-18', '22:04:00', 'FC19001', '1991-11-18'),
(291, '1991-11-18', '17:49:00', 'FC19001', '1991-11-18'),
(292, '2008-07-19', '17:44:00', 'FC19002', '2008-07-19'),
(293, '2008-07-19', '05:19:00', 'FC19002', '2008-07-19'),
(294, '2008-07-19', '04:34:00', 'FC19002', '2008-07-19'),
(295, '2014-01-27', '07:31:00', 'FC19003', '2014-01-27'),
(296, '2014-01-27', '14:49:00', 'FC19003', '2014-01-27'),
(297, '2014-01-27', '12:07:00', 'FC19003', '2014-01-27'),
(298, '1990-05-19', '03:28:00', 'FC19004', '1990-05-19'),
(299, '1990-05-19', '23:43:00', 'FC19004', '1990-05-19'),
(300, '1990-05-19', '13:57:00', 'FC19004', '1990-05-19');

-- --------------------------------------------------------

--
-- Table structure for table `Weather_Forecasts`
--

CREATE TABLE `Weather_Forecasts` (
  `Code` varchar(20) NOT NULL,
  `Date` date NOT NULL,
  `Source` varchar(50) NOT NULL,
  `Confidence` decimal(5,2) NOT NULL,
  `fk_CityName` varchar(50) NOT NULL,
  `fk_CityCountry` varchar(100) NOT NULL,
  `fk_Weather_StationCode` varchar(20) NOT NULL
) ENGINE=InnoDB DEFAULT CHARSET=utf8mb4 COLLATE=utf8mb4_general_ci;

--
-- Dumping data for table `Weather_Forecasts`
--

INSERT INTO `Weather_Forecasts` (`Code`, `Date`, `Source`, `Confidence`, `fk_CityName`, `fk_CityCountry`, `fk_Weather_StationCode`) VALUES
('1', '2001-01-01', '1', 1.00, 'City11', 'Country1', 'WS1'),
('1234', '2024-05-01', '123', 12.00, 'City12', 'Country2', 'WS10'),
('ars', '2024-04-10', 'ars', 100.00, 'City6', 'Country1', 'WS3'),
('ars', '2024-04-11', 'ars', 100.00, 'City12', 'Country2', 'WS14'),
('FC0', '2014-03-25', 'Source0', 51.69, 'City2', 'Country2', 'WS19'),
('FC1', '2008-12-22', 'Source1', 52.26, 'City2', 'Country2', 'WS19'),
('FC1000', '2013-05-20', 'Source0', 61.07, 'City0', 'Country0', 'WS10'),
('FC10000', '2005-07-23', 'Source0', 52.37, 'City2', 'Country2', 'WS17'),
('FC10001', '2009-10-07', 'Source1', 80.38, 'City2', 'Country2', 'WS17'),
('FC10002', '2005-10-24', 'Source2', 68.80, 'City2', 'Country2', 'WS17'),
('FC10003', '2004-11-12', 'Source0', 78.71, 'City2', 'Country2', 'WS17'),
('FC10004', '2018-08-17', 'Source1', 68.36, 'City2', 'Country2', 'WS17'),
('FC1001', '2023-11-20', 'Source1', 50.54, 'City0', 'Country0', 'WS10'),
('FC1002', '2014-12-26', 'Source2', 82.67, 'City0', 'Country0', 'WS10'),
('FC1003', '2013-07-17', 'Source0', 53.24, 'City0', 'Country0', 'WS10'),
('FC1004', '1991-04-04', 'Source1', 50.29, 'City0', 'Country0', 'WS10'),
('FC11000', '2016-07-10', 'Source0', 71.75, 'City8', 'Country3', 'WS9'),
('FC11001', '1992-12-18', 'Source1', 61.15, 'City8', 'Country3', 'WS9'),
('FC11002', '2022-07-05', 'Source2', 86.98, 'City8', 'Country3', 'WS9'),
('FC11003', '2009-11-29', 'Source0', 87.22, 'City8', 'Country3', 'WS9'),
('FC11004', '2021-12-28', 'Source1', 83.32, 'City8', 'Country3', 'WS9'),
('FC12000', '1990-05-01', 'Source0', 93.11, 'City16', 'Country1', 'WS10'),
('FC12001', '2020-12-06', 'Source1', 83.43, 'City16', 'Country1', 'WS10'),
('FC12002', '2021-10-10', 'Source2', 79.17, 'City16', 'Country1', 'WS10'),
('FC12003', '2022-10-08', 'Source0', 99.28, 'City16', 'Country1', 'WS10'),
('FC12004', '1991-12-24', 'Source1', 81.46, 'City16', 'Country1', 'WS10'),
('FC13000', '2022-06-21', 'Source0', 61.35, 'City11', 'Country1', 'WS5'),
('FC13001', '2010-11-20', 'Source1', 80.23, 'City11', 'Country1', 'WS5'),
('FC13002', '2010-07-10', 'Source2', 86.53, 'City11', 'Country1', 'WS5'),
('FC13003', '1997-02-03', 'Source0', 50.46, 'City11', 'Country1', 'WS5'),
('FC13004', '2019-10-11', 'Source1', 94.35, 'City11', 'Country1', 'WS5'),
('FC14000', '2012-07-15', 'Source0', 65.14, 'City15', 'Country0', 'WS9'),
('FC14001', '2010-05-27', 'Source1', 77.29, 'City15', 'Country0', 'WS9'),
('FC14002', '1993-10-19', 'Source2', 82.26, 'City15', 'Country0', 'WS9'),
('FC14003', '2000-04-04', 'Source0', 63.44, 'City15', 'Country0', 'WS9'),
('FC14004', '2004-02-06', 'Source1', 96.55, 'City15', 'Country0', 'WS9'),
('FC15000', '2022-10-08', 'Source0', 70.41, 'City14', 'Country4', 'WS2'),
('FC15001', '1991-05-05', 'Source1', 50.73, 'City14', 'Country4', 'WS2'),
('FC15002', '2015-11-05', 'Source2', 98.14, 'City14', 'Country4', 'WS2'),
('FC15003', '1991-03-30', 'Source0', 86.43, 'City14', 'Country4', 'WS2'),
('FC15004', '1990-08-28', 'Source1', 62.16, 'City14', 'Country4', 'WS2'),
('FC16000', '2020-12-20', 'Source0', 72.17, 'City17', 'Country2', 'WS18'),
('FC16001', '2022-05-30', 'Source1', 56.15, 'City17', 'Country2', 'WS18'),
('FC16002', '1998-04-28', 'Source2', 67.60, 'City17', 'Country2', 'WS18'),
('FC16003', '1999-01-25', 'Source0', 83.17, 'City17', 'Country2', 'WS18'),
('FC16004', '2008-01-22', 'Source1', 53.67, 'City17', 'Country2', 'WS18'),
('FC17000', '2015-06-03', 'Source0', 76.29, 'City10', 'Country0', 'WS1'),
('FC17001', '2010-12-15', 'Source1', 96.23, 'City10', 'Country0', 'WS1'),
('FC17002', '2016-06-19', 'Source2', 63.04, 'City10', 'Country0', 'WS1'),
('FC17003', '1990-09-01', 'Source0', 50.02, 'City10', 'Country0', 'WS1'),
('FC17004', '2013-03-02', 'Source1', 85.13, 'City10', 'Country0', 'WS1'),
('FC18000', '2004-04-03', 'Source0', 71.28, 'City10', 'Country0', 'WS0'),
('FC18001', '2004-06-14', 'Source1', 59.92, 'City10', 'Country0', 'WS0'),
('FC18002', '2022-01-24', 'Source2', 59.43, 'City10', 'Country0', 'WS0'),
('FC18003', '1990-11-29', 'Source0', 96.86, 'City10', 'Country0', 'WS0'),
('FC18004', '2024-05-02', 'Source1', 94.91, 'City10', 'Country0', 'WS0'),
('FC19000', '2018-10-01', 'Source0', 87.31, 'City14', 'Country4', 'WS17'),
('FC19001', '1991-11-18', 'Source1', 83.46, 'City14', 'Country4', 'WS17'),
('FC19002', '2008-07-19', 'Source2', 57.58, 'City14', 'Country4', 'WS17'),
('FC19003', '2014-01-27', 'Source0', 99.98, 'City14', 'Country4', 'WS17'),
('FC19004', '1990-05-19', 'Source1', 87.31, 'City14', 'Country4', 'WS17'),
('FC2', '2012-04-06', 'Source2', 94.10, 'City2', 'Country2', 'WS19'),
('FC2000', '2001-09-26', 'Source0', 63.50, 'City2', 'Country2', 'WS11'),
('FC2001', '1993-08-11', 'Source1', 83.96, 'City2', 'Country2', 'WS11'),
('FC2002', '2019-03-08', 'Source2', 98.64, 'City2', 'Country2', 'WS11'),
('FC2003', '2010-09-12', 'Source0', 71.09, 'City2', 'Country2', 'WS11'),
('FC2004', '2016-09-22', 'Source1', 68.21, 'City2', 'Country2', 'WS11'),
('FC3', '1991-08-27', 'Source0', 72.22, 'City2', 'Country2', 'WS19'),
('FC3000', '2012-06-15', 'Source0', 96.50, 'City0', 'Country0', 'WS5'),
('FC3001', '1999-01-03', 'Source1', 59.28, 'City0', 'Country0', 'WS5'),
('FC3002', '2019-04-18', 'Source2', 65.61, 'City0', 'Country0', 'WS5'),
('FC3003', '2005-09-16', 'Source0', 97.06, 'City0', 'Country0', 'WS5'),
('FC3004', '2021-08-03', 'Source1', 88.25, 'City0', 'Country0', 'WS5'),
('FC4', '2004-06-20', 'Source1', 64.75, 'City2', 'Country2', 'WS19'),
('FC4000', '2007-07-13', 'Source0', 59.93, 'City14', 'Country4', 'WS3'),
('FC4001', '1993-06-02', 'Source1', 64.06, 'City14', 'Country4', 'WS3'),
('FC4002', '2017-09-01', 'Source2', 84.35, 'City14', 'Country4', 'WS3'),
('FC4003', '1996-01-06', 'Source0', 50.40, 'City14', 'Country4', 'WS3'),
('FC4004', '2008-05-30', 'Source1', 69.95, 'City14', 'Country4', 'WS3'),
('FC5000', '2022-03-03', 'Source0', 83.63, 'City14', 'Country4', 'WS19'),
('FC5001', '1993-10-14', 'Source1', 92.46, 'City14', 'Country4', 'WS19'),
('FC5002', '2010-07-31', 'Source2', 74.78, 'City14', 'Country4', 'WS19'),
('FC5003', '1999-10-27', 'Source0', 55.16, 'City14', 'Country4', 'WS19'),
('FC5004', '2021-08-13', 'Source1', 74.85, 'City14', 'Country4', 'WS19'),
('FC6000', '2012-04-26', 'Source0', 65.42, 'City13', 'Country3', 'WS18'),
('FC6001', '2005-12-25', 'Source1', 57.51, 'City13', 'Country3', 'WS18'),
('FC6002', '2006-01-27', 'Source2', 56.46, 'City13', 'Country3', 'WS18'),
('FC6003', '2003-07-23', 'Source0', 94.48, 'City13', 'Country3', 'WS18'),
('FC6004', '2001-05-12', 'Source1', 73.96, 'City13', 'Country3', 'WS18'),
('FC7000', '1990-12-01', 'Source0', 69.55, 'City16', 'Country1', 'WS5'),
('FC7001', '2021-12-01', 'Source1', 96.04, 'City16', 'Country1', 'WS5'),
('FC7002', '2003-11-05', 'Source2', 57.40, 'City16', 'Country1', 'WS5'),
('FC7003', '1994-09-09', 'Source0', 78.98, 'City16', 'Country1', 'WS5'),
('FC7004', '2013-12-09', 'Source1', 94.32, 'City16', 'Country1', 'WS5'),
('FC8000', '2001-12-15', 'Source0', 92.53, 'City10', 'Country0', 'WS17'),
('FC8001', '2019-04-16', 'Source1', 84.44, 'City10', 'Country0', 'WS17'),
('FC8002', '1998-03-13', 'Source2', 82.91, 'City10', 'Country0', 'WS17'),
('FC8003', '1997-12-09', 'Source0', 54.87, 'City10', 'Country0', 'WS17'),
('FC8004', '2012-10-10', 'Source1', 85.92, 'City10', 'Country0', 'WS17'),
('FC9000', '1991-11-28', 'Source0', 76.95, 'City14', 'Country4', 'WS17'),
('FC9001', '2024-05-26', 'Source1', 50.52, 'City14', 'Country4', 'WS17'),
('FC9002', '2013-03-30', 'Source2', 93.93, 'City14', 'Country4', 'WS17'),
('FC9003', '1993-03-29', 'Source0', 96.93, 'City14', 'Country4', 'WS17'),
('FC9004', '2006-07-17', 'Source1', 66.79, 'City14', 'Country4', 'WS17'),
('ssss', '2024-04-24', 's', 10.00, 'miestas', 'salis', 'Station1');

-- --------------------------------------------------------

--
-- Table structure for table `Weather_Stations`
--

CREATE TABLE `Weather_Stations` (
  `Code` varchar(20) NOT NULL,
  `Managing_organization` varchar(100) NOT NULL,
  `Latitude` decimal(9,6) NOT NULL,
  `Longitude` decimal(9,6) NOT NULL,
  `Elevation` int(11) NOT NULL,
  `Type` varchar(20) NOT NULL,
  `fk_CityName` varchar(50) NOT NULL,
  `fk_CityCountry` varchar(100) NOT NULL
) ENGINE=InnoDB DEFAULT CHARSET=utf8mb4 COLLATE=utf8mb4_general_ci;

--
-- Dumping data for table `Weather_Stations`
--

INSERT INTO `Weather_Stations` (`Code`, `Managing_organization`, `Latitude`, `Longitude`, `Elevation`, `Type`, `fk_CityName`, `fk_CityCountry`) VALUES
('Station1', 'mantinga', 1.000000, 1.000000, 10, 'Oru', 'miestas', 'salis'),
('WS0', 'Organization023', 80.000000, -148.074561, 2957, 'Type1', 'City15', 'Country0'),
('WS1', 'Org1', -41.037905, -161.972881, 248, 'Type2', 'City4', 'Country4'),
('WS10', 'Org0', 23.199293, 60.198439, 2323, 'Type2', 'City7', 'Country2'),
('WS11', 'Org1', -23.957397, 175.923522, 1781, 'Type3', 'City14', 'Country4'),
('WS12', 'Org2', 12.477123, 58.290578, 609, 'Type2', 'City18', 'Country3'),
('WS13', 'Org3', -24.369337, -21.121808, 2255, 'Type2', 'City6', 'Country1'),
('WS14', 'Org4', 79.080906, -136.103067, 899, 'Type2', 'City16', 'Country1'),
('WS15', 'Org5', -49.152426, 79.849774, 2030, 'Type1', 'City13', 'Country3'),
('WS16', 'Org6', 65.047192, -135.292731, 2655, 'Type1', 'City15', 'Country0'),
('WS17', 'Org7', -67.981171, 3.837908, 2505, 'Type1', 'City4', 'Country4'),
('WS18', 'Org8', -36.504368, -4.292226, 2604, 'Type1', 'City9', 'Country4'),
('WS19', 'Org9', 87.204410, 26.022235, 51, 'Type2', 'City6', 'Country1'),
('WS2', 'Org2', 13.759125, -41.231334, 2165, 'Type2', 'City15', 'Country0'),
('WS3', 'Org3', 89.002205, -7.709315, 1368, 'Type3', 'City10', 'Country0'),
('WS4', 'Org4', 43.493243, 122.524683, 2132, 'Type2', 'City15', 'Country0'),
('WS5', 'Org5', 11.082945, -121.248043, 671, 'Type1', 'City5', 'Country0'),
('WS6', 'Org6', -23.495014, -105.909468, 701, 'Type3', 'City6', 'Country1'),
('WS7', 'Org7', 83.751224, -40.595996, 1956, 'Type3', 'City17', 'Country2'),
('WS8', 'Org8', -12.977399, 51.475085, 378, 'Type2', 'City14', 'Country4'),
('WS9', 'Org9', 17.887994, -54.646748, 718, 'Type2', 'City18', 'Country3');

-- --------------------------------------------------------

--
-- Table structure for table `Winds`
--

CREATE TABLE `Winds` (
  `id_Wind` bigint(20) UNSIGNED NOT NULL,
  `Speed` decimal(5,2) NOT NULL,
  `Direction` char(2) NOT NULL,
  `Gust_speed` decimal(5,2) NOT NULL,
  `Strength` varchar(20) NOT NULL,
  `fk_Time_Stamp` int(11) NOT NULL
) ENGINE=InnoDB DEFAULT CHARSET=utf8mb4 COLLATE=utf8mb4_general_ci;

--
-- Dumping data for table `Winds`
--

INSERT INTO `Winds` (`id_Wind`, `Speed`, `Direction`, `Gust_speed`, `Strength`, `fk_Time_Stamp`) VALUES
(1, 29.95, 'S', 82.08, 'Strong', 1),
(2, 48.94, 'E', 97.00, 'Moderate', 2),
(3, 82.69, 'E', 76.34, 'Light', 3),
(4, 58.69, 'SW', 64.54, 'Moderate', 4),
(5, 91.54, 'E', 122.07, 'Strong', 5),
(6, 31.04, 'NE', 149.76, 'Strong', 6),
(7, 27.46, 'W', 62.86, 'Gale', 7),
(8, 2.80, 'SE', 87.98, 'Storm', 8),
(9, 10.25, 'S', 18.32, 'Storm', 9),
(10, 89.50, 'NW', 106.13, 'Gale', 10),
(11, 29.02, 'S', 94.08, 'Gale', 11),
(12, 73.79, 'N', 41.21, 'Moderate', 12),
(13, 8.23, 'SE', 93.45, 'Moderate', 13),
(14, 88.72, 'NE', 35.46, 'Gale', 15),
(15, 50.66, 'E', 99.50, 'Storm', 16),
(16, 45.99, 'SW', 34.80, 'Storm', 18),
(17, 20.49, 'NE', 35.61, 'Light', 19),
(18, 74.55, 'N', 87.72, 'Light', 20),
(19, 54.01, 'W', 10.31, 'Light', 21),
(20, 7.79, 'W', 105.04, 'Strong', 23),
(21, 11.36, 'NE', 140.86, 'Storm', 24),
(22, 28.96, 'NE', 14.65, 'Gale', 25),
(23, 3.00, 'N', 137.20, 'Moderate', 26),
(24, 30.11, 'N', 83.27, 'Light', 29),
(25, 99.65, 'S', 47.55, 'Gale', 30),
(26, 80.76, 'SW', 8.47, 'Moderate', 31),
(27, 1.81, 'S', 117.03, 'Strong', 32),
(28, 82.84, 'SE', 104.17, 'Moderate', 33),
(29, 23.39, 'W', 103.99, 'Gale', 34),
(30, 70.70, 'N', 95.23, 'Gale', 35),
(31, 49.26, 'SE', 84.40, 'Gale', 36),
(32, 93.91, 'NW', 20.19, 'Storm', 40),
(33, 57.59, 'NW', 77.74, 'Storm', 42),
(34, 32.88, 'S', 141.30, 'Moderate', 43),
(35, 95.63, 'SE', 136.06, 'Strong', 44),
(36, 29.44, 'NE', 113.26, 'Storm', 46),
(37, 17.44, 'NW', 148.79, 'Moderate', 48),
(38, 18.02, 'E', 5.96, 'Moderate', 49),
(39, 58.61, 'S', 43.38, 'Gale', 50),
(40, 26.14, 'E', 18.31, 'Gale', 51),
(41, 32.66, 'SW', 57.91, 'Strong', 52),
(42, 47.34, 'N', 22.36, 'Gale', 53),
(43, 86.35, 'E', 42.49, 'Moderate', 54),
(44, 96.45, 'S', 88.62, 'Moderate', 55),
(45, 15.60, 'W', 67.17, 'Light', 56),
(46, 94.73, 'NW', 135.93, 'Moderate', 57),
(47, 55.59, 'E', 123.57, 'Gale', 58),
(48, 88.46, 'NE', 19.06, 'Light', 59),
(49, 82.90, 'SW', 0.63, 'Strong', 60),
(50, 87.75, 'SE', 42.31, 'Moderate', 61),
(51, 35.13, 'NW', 29.96, 'Strong', 62),
(52, 85.76, 'S', 30.09, 'Moderate', 65),
(53, 12.20, 'SW', 129.55, 'Storm', 66),
(54, 36.35, 'W', 72.38, 'Storm', 67),
(55, 88.52, 'SE', 61.32, 'Moderate', 68),
(56, 48.04, 'NW', 40.64, 'Moderate', 69),
(57, 45.51, 'N', 93.89, 'Moderate', 70),
(58, 74.85, 'W', 125.63, 'Strong', 71),
(59, 34.85, 'S', 72.49, 'Gale', 72),
(60, 73.21, 'S', 75.24, 'Light', 73),
(61, 47.68, 'SW', 46.40, 'Strong', 74),
(62, 93.52, 'S', 75.32, 'Moderate', 75),
(63, 4.83, 'NE', 45.85, 'Light', 76),
(64, 47.75, 'SW', 122.45, 'Gale', 78),
(65, 77.37, 'S', 19.59, 'Moderate', 79),
(66, 9.43, 'E', 0.23, 'Strong', 80),
(67, 38.97, 'W', 48.79, 'Light', 81),
(68, 78.56, 'SW', 83.85, 'Moderate', 82),
(69, 54.87, 'W', 121.70, 'Storm', 84),
(70, 66.50, 'NW', 139.45, 'Strong', 85),
(71, 16.35, 'S', 129.57, 'Light', 86),
(72, 43.39, 'S', 43.95, 'Storm', 88),
(73, 31.83, 'SW', 116.81, 'Storm', 89),
(74, 51.10, 'S', 111.27, 'Gale', 90),
(75, 49.14, 'NE', 136.90, 'Strong', 91),
(76, 44.91, 'SE', 116.98, 'Storm', 92),
(77, 24.42, 'E', 79.81, 'Strong', 93),
(78, 3.83, 'NW', 2.47, 'Moderate', 95),
(79, 52.63, 'S', 20.37, 'Strong', 96),
(80, 74.41, 'N', 98.30, 'Strong', 97),
(81, 20.06, 'W', 116.26, 'Light', 98),
(82, 32.71, 'N', 64.76, 'Moderate', 99),
(83, 82.39, 'S', 46.55, 'Storm', 100),
(84, 21.78, 'N', 124.67, 'Light', 101),
(85, 91.08, 'W', 127.36, 'Strong', 102),
(86, 27.22, 'NE', 66.52, 'Storm', 104),
(87, 88.82, 'N', 52.80, 'Light', 105),
(88, 53.43, 'E', 75.95, 'Light', 106),
(89, 62.05, 'S', 61.66, 'Moderate', 107),
(90, 57.11, 'SE', 34.33, 'Storm', 109),
(91, 7.66, 'NW', 111.87, 'Moderate', 110),
(92, 31.55, 'W', 95.40, 'Gale', 111),
(93, 10.53, 'NE', 34.43, 'Strong', 112),
(94, 56.88, 'W', 140.35, 'Moderate', 113),
(95, 20.06, 'S', 9.46, 'Light', 114),
(96, 55.91, 'E', 59.66, 'Strong', 116),
(97, 50.34, 'E', 142.83, 'Strong', 117),
(98, 52.86, 'SW', 116.82, 'Storm', 118),
(99, 34.69, 'N', 58.94, 'Moderate', 119),
(100, 65.48, 'NW', 54.87, 'Gale', 120),
(101, 15.71, 'NW', 31.21, 'Gale', 121),
(102, 25.65, 'SE', 53.51, 'Strong', 122),
(103, 15.99, 'SE', 109.30, 'Moderate', 123),
(104, 40.27, 'SE', 132.61, 'Light', 124),
(105, 28.49, 'N', 13.90, 'Moderate', 126),
(106, 37.03, 'N', 24.38, 'Strong', 127),
(107, 66.51, 'E', 60.73, 'Strong', 128),
(108, 34.47, 'N', 16.44, 'Light', 129),
(109, 30.96, 'NE', 80.11, 'Moderate', 130),
(110, 0.36, 'NE', 20.24, 'Strong', 131),
(111, 27.28, 'S', 47.05, 'Moderate', 132),
(112, 55.30, 'S', 17.24, 'Strong', 133),
(113, 0.17, 'W', 85.53, 'Moderate', 134),
(114, 32.16, 'W', 144.59, 'Light', 135),
(115, 57.92, 'S', 138.22, 'Moderate', 137),
(116, 45.73, 'N', 77.75, 'Light', 138),
(117, 91.48, 'E', 79.64, 'Strong', 139),
(118, 48.67, 'N', 94.61, 'Gale', 140),
(119, 45.93, 'SE', 145.73, 'Light', 141),
(120, 63.82, 'S', 127.89, 'Storm', 142),
(121, 42.42, 'NW', 75.82, 'Storm', 143),
(122, 61.60, 'E', 88.46, 'Strong', 144),
(123, 2.07, 'S', 114.54, 'Storm', 145),
(124, 15.05, 'E', 49.20, 'Storm', 146),
(125, 52.56, 'N', 121.27, 'Gale', 147),
(126, 91.56, 'SW', 85.56, 'Light', 150),
(127, 88.57, 'N', 23.12, 'Moderate', 151),
(128, 92.51, 'SE', 12.99, 'Gale', 153),
(129, 41.97, 'S', 37.33, 'Gale', 154),
(130, 73.22, 'SW', 149.99, 'Gale', 155),
(131, 10.31, 'W', 126.74, 'Light', 156),
(132, 15.74, 'S', 98.62, 'Light', 157),
(133, 90.45, 'SW', 119.60, 'Moderate', 159),
(134, 32.29, 'S', 139.70, 'Gale', 160),
(135, 14.74, 'SE', 83.21, 'Light', 162),
(136, 88.98, 'N', 92.16, 'Moderate', 163),
(137, 63.65, 'N', 85.58, 'Gale', 164),
(138, 24.68, 'SW', 90.65, 'Moderate', 165),
(139, 54.58, 'S', 31.77, 'Moderate', 166),
(140, 19.45, 'SE', 45.75, 'Gale', 168),
(141, 38.04, 'NW', 87.44, 'Strong', 169),
(142, 46.88, 'W', 99.40, 'Light', 170),
(143, 31.09, 'E', 29.84, 'Storm', 171),
(144, 89.96, 'E', 20.81, 'Moderate', 172),
(145, 31.68, 'NE', 99.77, 'Light', 174),
(146, 32.24, 'NE', 27.41, 'Strong', 175),
(147, 95.91, 'W', 36.19, 'Storm', 177),
(148, 95.13, 'S', 85.47, 'Strong', 178),
(149, 87.69, 'W', 54.40, 'Gale', 179),
(150, 70.98, 'N', 77.91, 'Gale', 181),
(151, 51.84, 'S', 148.40, 'Storm', 182),
(152, 75.15, 'E', 27.36, 'Gale', 183),
(153, 16.33, 'W', 16.88, 'Light', 184),
(154, 51.07, 'S', 29.41, 'Light', 185),
(155, 88.59, 'NE', 6.33, 'Moderate', 186),
(156, 49.18, 'NE', 21.09, 'Storm', 187),
(157, 97.45, 'E', 132.01, 'Moderate', 188),
(158, 35.22, 'SW', 116.30, 'Strong', 189),
(159, 9.54, 'N', 92.30, 'Strong', 190),
(160, 88.14, 'NE', 13.58, 'Gale', 191),
(161, 12.00, 'N', 41.49, 'Strong', 192),
(162, 7.96, 'W', 99.78, 'Strong', 193),
(163, 1.02, 'NE', 108.01, 'Gale', 194),
(164, 34.91, 'N', 76.82, 'Gale', 195),
(165, 3.36, 'NE', 143.17, 'Storm', 197),
(166, 43.74, 'NW', 47.13, 'Strong', 198),
(167, 37.40, 'N', 92.67, 'Storm', 200),
(168, 19.96, 'E', 36.16, 'Light', 201),
(169, 38.75, 'N', 48.16, 'Moderate', 202),
(170, 96.22, 'W', 128.97, 'Strong', 203),
(171, 96.69, 'W', 33.87, 'Storm', 205),
(172, 25.93, 'NW', 11.93, 'Strong', 207),
(173, 2.18, 'NW', 46.68, 'Strong', 209),
(174, 46.34, 'NW', 79.59, 'Light', 210),
(175, 98.64, 'E', 129.39, 'Storm', 211),
(176, 5.15, 'SW', 146.83, 'Gale', 212),
(177, 59.93, 'E', 100.35, 'Light', 213),
(178, 86.34, 'SW', 147.94, 'Strong', 214),
(179, 13.95, 'N', 95.40, 'Moderate', 215),
(180, 37.39, 'E', 63.13, 'Gale', 216),
(181, 1.39, 'W', 15.96, 'Light', 218),
(182, 22.69, 'W', 31.26, 'Moderate', 220),
(183, 81.00, 'E', 131.48, 'Strong', 222),
(184, 10.65, 'N', 144.25, 'Strong', 224),
(185, 79.84, 'NE', 56.42, 'Strong', 226),
(186, 49.94, 'S', 6.30, 'Strong', 227),
(187, 37.91, 'SE', 6.75, 'Strong', 228),
(188, 14.97, 'S', 17.01, 'Moderate', 229),
(189, 34.63, 'SE', 14.20, 'Storm', 231),
(190, 90.44, 'NE', 107.13, 'Light', 232),
(191, 78.00, 'SW', 72.78, 'Light', 233),
(192, 73.33, 'E', 17.09, 'Strong', 234),
(193, 7.58, 'N', 42.77, 'Strong', 235),
(194, 52.52, 'NW', 64.27, 'Moderate', 237),
(195, 69.83, 'SW', 126.67, 'Strong', 238),
(196, 24.01, 'SW', 12.46, 'Storm', 239),
(197, 29.81, 'N', 81.92, 'Gale', 240),
(198, 31.43, 'NW', 36.03, 'Gale', 241),
(199, 17.41, 'NW', 10.73, 'Gale', 242),
(200, 46.46, 'E', 24.33, 'Light', 244),
(201, 90.36, 'NW', 119.03, 'Strong', 245),
(202, 60.95, 'SE', 15.44, 'Light', 246),
(203, 67.74, 'N', 125.59, 'Gale', 248),
(204, 88.86, 'N', 119.85, 'Light', 250),
(205, 93.59, 'SW', 78.63, 'Moderate', 251),
(206, 22.19, 'NW', 7.79, 'Storm', 254),
(207, 74.36, 'SE', 15.08, 'Gale', 255),
(208, 84.10, 'NE', 112.63, 'Storm', 256),
(209, 25.85, 'S', 145.68, 'Gale', 257),
(210, 28.78, 'S', 110.28, 'Strong', 258),
(211, 12.78, 'W', 57.98, 'Moderate', 259),
(212, 53.77, 'E', 41.96, 'Moderate', 260),
(213, 32.97, 'E', 44.23, 'Strong', 261),
(214, 62.32, 'NW', 25.87, 'Storm', 262),
(215, 70.42, 'NE', 45.40, 'Moderate', 263),
(216, 5.96, 'SE', 116.18, 'Moderate', 264),
(217, 41.18, 'N', 17.99, 'Moderate', 265),
(218, 66.28, 'SE', 91.29, 'Light', 266),
(219, 68.14, 'N', 7.76, 'Storm', 268),
(220, 91.88, 'E', 91.04, 'Moderate', 269),
(221, 22.50, 'NE', 6.78, 'Light', 270),
(222, 70.00, 'NW', 87.53, 'Moderate', 271),
(223, 3.14, 'SW', 22.75, 'Gale', 272),
(224, 97.38, 'E', 52.47, 'Storm', 275),
(225, 7.72, 'NE', 86.25, 'Light', 277),
(226, 89.73, 'NW', 136.20, 'Strong', 278),
(227, 95.90, 'S', 84.93, 'Strong', 280),
(228, 5.73, 'NE', 111.22, 'Gale', 281),
(229, 81.58, 'W', 115.01, 'Strong', 282),
(230, 89.44, 'S', 9.13, 'Moderate', 283),
(231, 14.50, 'W', 17.34, 'Gale', 284),
(232, 39.40, 'NW', 111.26, 'Moderate', 287),
(233, 87.09, 'SE', 74.61, 'Gale', 288),
(234, 73.11, 'NW', 3.02, 'Moderate', 289),
(235, 75.95, 'S', 148.01, 'Light', 290),
(236, 64.50, 'NW', 22.37, 'Strong', 291),
(237, 88.85, 'E', 28.10, 'Moderate', 292),
(238, 99.13, 'N', 131.24, 'Moderate', 293),
(239, 39.22, 'W', 140.33, 'Moderate', 294),
(240, 81.35, 'NE', 63.91, 'Gale', 295),
(241, 38.64, 'W', 21.19, 'Light', 296),
(242, 65.79, 'S', 108.08, 'Moderate', 297),
(243, 61.22, 'SE', 78.68, 'Strong', 299);

--
-- Indexes for dumped tables
--

--
-- Indexes for table `Cities`
--
ALTER TABLE `Cities`
  ADD PRIMARY KEY (`Name`,`Country`);

--
-- Indexes for table `Cloudiness`
--
ALTER TABLE `Cloudiness`
  ADD PRIMARY KEY (`id_Cloudiness`),
  ADD KEY `fk_Time_Stamp` (`fk_Time_Stamp`);

--
-- Indexes for table `Moonlight`
--
ALTER TABLE `Moonlight`
  ADD PRIMARY KEY (`id_Sunglight`),
  ADD KEY `fk_Weather_ForecastCode` (`fk_Weather_ForecastCode`,`fk_Weather_ForecastDate`);

--
-- Indexes for table `Operational_Statuses`
--
ALTER TABLE `Operational_Statuses`
  ADD PRIMARY KEY (`id_Operational_Status`,`fk_Weather_StationCode`),
  ADD KEY `Has` (`fk_Weather_StationCode`);

--
-- Indexes for table `Precipitations`
--
ALTER TABLE `Precipitations`
  ADD PRIMARY KEY (`id_Precipitation`),
  ADD KEY `fk_Time_Stamp` (`fk_Time_Stamp`);

--
-- Indexes for table `Pressures`
--
ALTER TABLE `Pressures`
  ADD PRIMARY KEY (`id_Pressure`),
  ADD KEY `fk_Time_Stamp` (`fk_Time_Stamp`);

--
-- Indexes for table `Records`
--
ALTER TABLE `Records`
  ADD PRIMARY KEY (`Date`,`Location`),
  ADD KEY `Recorded` (`fk_Weather_ForecastCode`,`fk_Weather_ForecastDate`);

--
-- Indexes for table `Sunlight`
--
ALTER TABLE `Sunlight`
  ADD PRIMARY KEY (`id_Sunlight`),
  ADD KEY `fk_Weather_ForecastCode` (`fk_Weather_ForecastCode`,`fk_Weather_ForecastDate`);

--
-- Indexes for table `Temperatures`
--
ALTER TABLE `Temperatures`
  ADD PRIMARY KEY (`id_Temperature`),
  ADD KEY `fk_Time_Stamp` (`fk_Time_Stamp`);

--
-- Indexes for table `Time_Stamps`
--
ALTER TABLE `Time_Stamps`
  ADD PRIMARY KEY (`id_Time_Stamp`),
  ADD KEY `fk_Weather_ForecastCode` (`fk_Weather_ForecastCode`,`fk_Weather_ForecastDate`);

--
-- Indexes for table `Weather_Forecasts`
--
ALTER TABLE `Weather_Forecasts`
  ADD PRIMARY KEY (`Code`,`Date`),
  ADD KEY `fk_CityName` (`fk_CityName`,`fk_CityCountry`),
  ADD KEY `fk_Weather_StationCode` (`fk_Weather_StationCode`);

--
-- Indexes for table `Weather_Stations`
--
ALTER TABLE `Weather_Stations`
  ADD PRIMARY KEY (`Code`),
  ADD KEY `fk_CityName` (`fk_CityName`,`fk_CityCountry`);

--
-- Indexes for table `Winds`
--
ALTER TABLE `Winds`
  ADD PRIMARY KEY (`id_Wind`),
  ADD KEY `fk_Time_Stamp` (`fk_Time_Stamp`);

--
-- AUTO_INCREMENT for dumped tables
--

--
-- AUTO_INCREMENT for table `Cloudiness`
--
ALTER TABLE `Cloudiness`
  MODIFY `id_Cloudiness` bigint(20) UNSIGNED NOT NULL AUTO_INCREMENT, AUTO_INCREMENT=224;

--
-- AUTO_INCREMENT for table `Moonlight`
--
ALTER TABLE `Moonlight`
  MODIFY `id_Sunglight` bigint(20) UNSIGNED NOT NULL AUTO_INCREMENT, AUTO_INCREMENT=11;

--
-- AUTO_INCREMENT for table `Operational_Statuses`
--
ALTER TABLE `Operational_Statuses`
  MODIFY `id_Operational_Status` int(11) NOT NULL AUTO_INCREMENT, AUTO_INCREMENT=25;

--
-- AUTO_INCREMENT for table `Precipitations`
--
ALTER TABLE `Precipitations`
  MODIFY `id_Precipitation` bigint(20) UNSIGNED NOT NULL AUTO_INCREMENT, AUTO_INCREMENT=180;

--
-- AUTO_INCREMENT for table `Pressures`
--
ALTER TABLE `Pressures`
  MODIFY `id_Pressure` bigint(20) UNSIGNED NOT NULL AUTO_INCREMENT, AUTO_INCREMENT=145;

--
-- AUTO_INCREMENT for table `Sunlight`
--
ALTER TABLE `Sunlight`
  MODIFY `id_Sunlight` bigint(20) UNSIGNED NOT NULL AUTO_INCREMENT, AUTO_INCREMENT=12;

--
-- AUTO_INCREMENT for table `Temperatures`
--
ALTER TABLE `Temperatures`
  MODIFY `id_Temperature` bigint(20) UNSIGNED NOT NULL AUTO_INCREMENT, AUTO_INCREMENT=272;

--
-- AUTO_INCREMENT for table `Time_Stamps`
--
ALTER TABLE `Time_Stamps`
  MODIFY `id_Time_Stamp` int(11) NOT NULL AUTO_INCREMENT, AUTO_INCREMENT=301;

--
-- AUTO_INCREMENT for table `Winds`
--
ALTER TABLE `Winds`
  MODIFY `id_Wind` bigint(20) UNSIGNED NOT NULL AUTO_INCREMENT, AUTO_INCREMENT=244;

--
-- Constraints for dumped tables
--

--
-- Constraints for table `Cloudiness`
--
ALTER TABLE `Cloudiness`
  ADD CONSTRAINT `cloudiness_ibfk_1` FOREIGN KEY (`fk_Time_Stamp`) REFERENCES `Time_Stamps` (`id_Time_Stamp`);

--
-- Constraints for table `Moonlight`
--
ALTER TABLE `Moonlight`
  ADD CONSTRAINT `moonlight_ibfk_1` FOREIGN KEY (`fk_Weather_ForecastCode`,`fk_Weather_ForecastDate`) REFERENCES `Weather_Forecasts` (`Code`, `Date`);

--
-- Constraints for table `Operational_Statuses`
--
ALTER TABLE `Operational_Statuses`
  ADD CONSTRAINT `Has` FOREIGN KEY (`fk_Weather_StationCode`) REFERENCES `Weather_Stations` (`Code`);

--
-- Constraints for table `Precipitations`
--
ALTER TABLE `Precipitations`
  ADD CONSTRAINT `precipitations_ibfk_1` FOREIGN KEY (`fk_Time_Stamp`) REFERENCES `Time_Stamps` (`id_Time_Stamp`);

--
-- Constraints for table `Pressures`
--
ALTER TABLE `Pressures`
  ADD CONSTRAINT `pressures_ibfk_1` FOREIGN KEY (`fk_Time_Stamp`) REFERENCES `Time_Stamps` (`id_Time_Stamp`);

--
-- Constraints for table `Records`
--
ALTER TABLE `Records`
  ADD CONSTRAINT `Recorded` FOREIGN KEY (`fk_Weather_ForecastCode`,`fk_Weather_ForecastDate`) REFERENCES `Weather_Forecasts` (`Code`, `Date`);

--
-- Constraints for table `Sunlight`
--
ALTER TABLE `Sunlight`
  ADD CONSTRAINT `sunlight_ibfk_1` FOREIGN KEY (`fk_Weather_ForecastCode`,`fk_Weather_ForecastDate`) REFERENCES `Weather_Forecasts` (`Code`, `Date`);

--
-- Constraints for table `Temperatures`
--
ALTER TABLE `Temperatures`
  ADD CONSTRAINT `temperatures_ibfk_1` FOREIGN KEY (`fk_Time_Stamp`) REFERENCES `Time_Stamps` (`id_Time_Stamp`);

--
-- Constraints for table `Time_Stamps`
--
ALTER TABLE `Time_Stamps`
  ADD CONSTRAINT `time_stamps_ibfk_1` FOREIGN KEY (`fk_Weather_ForecastCode`,`fk_Weather_ForecastDate`) REFERENCES `Weather_Forecasts` (`Code`, `Date`);

--
-- Constraints for table `Weather_Forecasts`
--
ALTER TABLE `Weather_Forecasts`
  ADD CONSTRAINT `weather_forecasts_ibfk_1` FOREIGN KEY (`fk_CityName`,`fk_CityCountry`) REFERENCES `Cities` (`Name`, `Country`),
  ADD CONSTRAINT `weather_forecasts_ibfk_2` FOREIGN KEY (`fk_Weather_StationCode`) REFERENCES `Weather_Stations` (`Code`);

--
-- Constraints for table `Weather_Stations`
--
ALTER TABLE `Weather_Stations`
  ADD CONSTRAINT `weather_stations_ibfk_1` FOREIGN KEY (`fk_CityName`,`fk_CityCountry`) REFERENCES `Cities` (`Name`, `Country`);

--
-- Constraints for table `Winds`
--
ALTER TABLE `Winds`
  ADD CONSTRAINT `winds_ibfk_1` FOREIGN KEY (`fk_Time_Stamp`) REFERENCES `Time_Stamps` (`id_Time_Stamp`);
COMMIT;

/*!40101 SET CHARACTER_SET_CLIENT=@OLD_CHARACTER_SET_CLIENT */;
/*!40101 SET CHARACTER_SET_RESULTS=@OLD_CHARACTER_SET_RESULTS */;
/*!40101 SET COLLATION_CONNECTION=@OLD_COLLATION_CONNECTION */;
