-- phpMyAdmin SQL Dump
-- version 5.2.1
-- https://www.phpmyadmin.net/
--
-- Host: localhost
-- Generation Time: Mar 07, 2024 at 01:42 PM
-- Server version: 10.4.28-MariaDB
-- PHP Version: 8.2.4

SET SQL_MODE = "NO_AUTO_VALUE_ON_ZERO";
START TRANSACTION;
SET time_zone = "+00:00";


/*!40101 SET @OLD_CHARACTER_SET_CLIENT=@@CHARACTER_SET_CLIENT */;
/*!40101 SET @OLD_CHARACTER_SET_RESULTS=@@CHARACTER_SET_RESULTS */;
/*!40101 SET @OLD_COLLATION_CONNECTION=@@COLLATION_CONNECTION */;
/*!40101 SET NAMES utf8mb4 */;

--
-- Database: `Laboratorinis1`
--

-- --------------------------------------------------------

--
-- Table structure for table `Cities`
--

CREATE TABLE `Cities` (
  `Name` varchar(50) NOT NULL,
  `Country` varchar(100) NOT NULL,
  `Population` int(11) NOT NULL,
  `Latitude` decimal(10,7) NOT NULL,
  `Longitude` decimal(10,7) NOT NULL,
  `Elevation` int(11) NOT NULL,
  `Average_annual_temperature` decimal(4,2) NOT NULL,
  `Average_annual_precipitation` int(11) NOT NULL,
  `Founding_date` date NOT NULL,
  `Time_zone` int(11) NOT NULL
) ENGINE=InnoDB DEFAULT CHARSET=utf8 COLLATE=utf8_general_ci;

--
-- Dumping data for table `Cities`
--

INSERT INTO `Cities` (`Name`, `Country`, `Population`, `Latitude`, `Longitude`, `Elevation`, `Average_annual_temperature`, `Average_annual_precipitation`, `Founding_date`, `Time_zone`) VALUES
('City0', 'Country0', 47353, 53.0831892, 54.7020546, 2436, 22.04, 2509, '2018-01-03', -9),
('City1', 'Country1', 521693, 44.1640680, 158.7095038, 2190, -15.74, 2664, '1991-04-14', -11),
('City10', 'Country0', 125551, 47.7802737, 80.4421905, 1418, 4.16, 2078, '1992-05-07', 4),
('City11', 'Country1', 940938, -39.3025652, 81.7743833, 2266, 14.17, 661, '2024-01-17', 14),
('City12', 'Country2', 465175, -43.5196788, -108.1833372, 51, 23.13, 1541, '2000-08-17', -7),
('City13', 'Country3', 561131, 40.4540827, -85.0362013, 1354, -8.54, 1693, '2022-10-29', -6),
('City14', 'Country4', 450886, 88.1419174, -90.5486241, 993, -7.01, 2719, '1992-01-11', 0),
('City15', 'Country0', 68176, 26.9266237, 165.8225642, 406, 36.18, 2992, '2009-10-12', 1),
('City16', 'Country1', 553775, -45.1916851, -54.6454219, 407, -13.78, 908, '2024-09-27', -10),
('City17', 'Country2', 665504, -32.4031262, -137.4357215, 1068, -12.48, 2426, '2008-12-06', 8),
('City18', 'Country3', 969855, 38.5910700, -154.5691971, 801, -15.90, 1034, '2000-01-03', -12),
('City19', 'Country4', 453172, -76.2724765, 99.0515851, 2995, -19.13, 1213, '2018-01-01', -7),
('City2', 'Country2', 584879, 43.8735008, -106.5716682, 459, 29.44, 809, '1993-08-24', 9),
('City20', 'Country0', 928582, 20.9190639, -38.1491250, 2875, -2.72, 396, '2011-12-19', -4),
('City21', 'Country1', 358442, -0.1725612, 141.4998624, 1498, -10.59, 2970, '2022-10-17', 3),
('City22', 'Country2', 920393, -21.3853892, -85.9452600, 2593, -4.39, 2338, '2009-08-06', -11),
('City23', 'Country3', 715798, 39.9805058, 23.5025350, 992, 24.89, 508, '2000-05-06', -1),
('City24', 'Country4', 942515, 60.3504298, -37.8343568, 2630, 38.02, 368, '2021-02-23', 6),
('City25', 'Country0', 671454, -47.9991607, 166.7347935, 1219, -10.88, 789, '2001-06-14', -9),
('City26', 'Country1', 608950, 1.7468238, 176.5151613, 2752, -12.67, 222, '2012-06-25', -7),
('City27', 'Country2', 345333, 24.6095358, -177.0889045, 117, 33.86, 1174, '1992-09-19', 5),
('City28', 'Country3', 287919, 26.5351611, -78.6203131, 844, 15.65, 1272, '2015-08-31', -9),
('City29', 'Country4', 959965, 22.9121890, -167.1363133, 2487, 1.34, 926, '2003-09-14', -4),
('City3', 'Country3', 545537, 70.4061713, 122.8620846, 477, 22.11, 290, '2023-11-08', -8),
('City30', 'Country0', 67975, 29.7125826, -178.6984344, 230, 18.31, 2101, '1992-02-20', 5),
('City31', 'Country1', 159463, -32.3651729, -66.3489670, 1011, -17.30, 1119, '2007-08-23', 10),
('City32', 'Country2', 314436, -29.5503230, -100.0214287, 88, 9.62, 2557, '2003-03-31', 4),
('City33', 'Country3', 724008, 15.5699065, -15.7640823, 1597, 8.45, 2224, '2001-01-20', 1),
('City34', 'Country4', 717311, 38.1620744, 18.2792368, 1531, 20.09, 1576, '1994-05-28', -6),
('City35', 'Country0', 151942, 69.7249625, -150.0786816, 2106, 3.17, 469, '2020-01-17', -1),
('City36', 'Country1', 281226, 55.5676561, 2.8222213, 2870, 32.33, 646, '2014-05-27', 1),
('City37', 'Country2', 178714, 42.7207143, 162.0060603, 580, 18.50, 1638, '1990-04-21', -7),
('City38', 'Country3', 573703, 6.8554307, 161.0178487, 1633, 11.55, 372, '1999-10-24', -4),
('City39', 'Country4', 89637, 4.7863257, -152.9167769, 1577, 5.59, 2423, '2003-08-16', 10),
('City4', 'Country4', 30484, 42.2682681, -68.8398170, 443, 16.68, 396, '1991-09-07', -12),
('City40', 'Country0', 142757, 88.5836737, -6.5025697, 2277, 28.00, 2522, '2013-07-17', 9),
('City41', 'Country1', 922934, 70.4728023, 3.5236719, 2863, 26.84, 1814, '2023-11-06', 1),
('City42', 'Country2', 543978, -79.4519406, -110.7367295, 2584, 30.25, 2570, '2019-01-11', 11),
('City43', 'Country3', 640390, -55.0278640, 105.7059040, 803, 18.51, 2841, '2000-12-31', 7),
('City44', 'Country4', 810415, 39.4336927, 7.8758986, 712, -2.11, 2249, '1990-02-26', -8),
('City45', 'Country0', 309424, 10.7031875, 3.1857594, 1792, 20.84, 1857, '1992-11-12', 5),
('City46', 'Country1', 668789, 55.3754317, -56.5729752, 1219, 23.77, 235, '2002-03-05', -11),
('City47', 'Country2', 158366, -6.9166309, -7.2859370, 591, -19.60, 1347, '2019-09-23', -11),
('City48', 'Country3', 726059, 59.1094761, -43.4289173, 2763, -5.34, 1496, '2001-08-13', -11),
('City49', 'Country4', 677646, 16.3215245, 161.6371065, 1998, 1.63, 1454, '2012-05-28', 2),
('City5', 'Country0', 362413, -50.9028329, 83.4298032, 2676, -1.10, 1806, '2006-04-28', -6),
('City50', 'Country0', 868215, -23.9013580, 122.3051584, 1833, -8.37, 2098, '1996-02-06', 11),
('City51', 'Country1', 935115, 59.7446046, -152.1035531, 1751, 10.29, 987, '2011-11-27', -2),
('City52', 'Country2', 385715, 83.7619434, -42.7516941, 205, -14.57, 730, '2020-08-03', 2),
('City53', 'Country3', 458766, -56.4701044, 131.7842042, 1339, 26.60, 945, '2000-07-23', -1),
('City54', 'Country4', 50754, -89.9760172, -147.7977324, 1666, -1.76, 2874, '2002-04-19', -2),
('City55', 'Country0', 788920, -70.5400118, 72.6840614, 2386, 5.00, 331, '1995-09-30', -12),
('City56', 'Country1', 233794, -72.1664718, 64.0721790, 1620, 35.00, 2162, '2023-07-29', 4),
('City57', 'Country2', 481393, 76.6995554, 9.3153949, 2182, 38.84, 1741, '2011-03-25', -7),
('City58', 'Country3', 501172, -16.9612583, 63.5197302, 1408, -8.90, 2205, '2013-10-26', 14),
('City59', 'Country4', 446635, 4.1842057, -30.8751639, 1679, -2.37, 269, '1994-02-26', -7),
('City6', 'Country1', 36697, 33.7914652, -59.1018416, 489, 21.39, 1888, '2009-03-13', 1),
('City60', 'Country0', 554643, -69.0850442, -105.8967253, 1431, -0.43, 2673, '1999-09-12', 6),
('City61', 'Country1', 783735, 15.4093972, 135.9680937, 2078, -16.64, 590, '1996-05-26', -7),
('City62', 'Country2', 32250, 87.4210069, 108.4265402, 2852, 9.08, 906, '1994-09-30', -1),
('City63', 'Country3', 238480, -78.8114234, -45.5845797, 1240, 15.75, 2821, '1990-01-03', 7),
('City64', 'Country4', 541852, -89.0281754, 45.7122196, 1612, 18.85, 802, '2001-11-20', 0),
('City65', 'Country0', 294456, -7.3581811, 107.6447526, 2800, 13.08, 880, '2006-09-25', 2),
('City66', 'Country1', 334840, -81.2855992, -34.0801774, 401, -13.62, 460, '2014-07-27', 5),
('City67', 'Country2', 109256, -24.2825661, 48.9651898, 2381, -15.03, 895, '1997-03-05', 13),
('City68', 'Country3', 780161, 87.7609580, -173.6292964, 160, -9.67, 1641, '2021-10-03', -9),
('City69', 'Country4', 937856, -38.3212506, -100.3677517, 1103, -2.38, 817, '2000-11-14', 7),
('City7', 'Country2', 17685, 41.4765612, -17.3393611, 1714, 19.14, 1665, '1991-12-06', -9),
('City70', 'Country0', 131350, -25.9766626, 148.8328881, 2984, -8.42, 2449, '2008-11-03', -12),
('City71', 'Country1', 987644, -38.9438127, -99.6369331, 486, 13.13, 1068, '2024-06-09', -1),
('City72', 'Country2', 550521, -60.0143596, -89.3445226, 1478, 37.73, 2951, '2020-02-09', -9),
('City73', 'Country3', 116030, 50.4466291, -108.0613841, 1649, -19.92, 1416, '2005-10-10', -6),
('City74', 'Country4', 649028, -28.0537349, 43.7167002, 154, -17.92, 2568, '2021-02-27', -5),
('City75', 'Country0', 664984, -56.9843914, 72.2638944, 289, 11.76, 2191, '2004-10-05', 12),
('City76', 'Country1', 406948, 82.9127945, 136.6928012, 2165, 25.90, 614, '2001-01-01', 7),
('City77', 'Country2', 100481, -84.5535201, -179.8421313, 2027, 31.87, 705, '1999-09-24', 8),
('City78', 'Country3', 813955, -57.3168108, 143.6967171, 721, -12.91, 2019, '1990-06-30', 9),
('City79', 'Country4', 350780, -12.5499739, 95.6012914, 2336, -2.71, 1187, '2003-09-29', 10),
('City8', 'Country3', 329204, -30.9909067, -148.8237740, 1057, 10.95, 1656, '2003-04-05', 8),
('City80', 'Country0', 724123, 36.4146378, -59.1425575, 1693, -4.99, 1230, '2013-03-26', 11),
('City81', 'Country1', 940653, -1.0672562, -159.7330296, 1499, -9.94, 2914, '2009-06-03', 4),
('City82', 'Country2', 553218, -69.0795053, 172.1543633, 61, 18.66, 1668, '1990-02-17', 9),
('City83', 'Country3', 596615, 73.9908117, 75.9210575, 2751, 29.79, 647, '2000-01-09', 13),
('City84', 'Country4', 695637, -79.2029060, -106.1384593, 1355, 32.25, 2282, '1991-01-01', -4),
('City85', 'Country0', 172320, -89.1243255, 150.7192793, 2190, 22.55, 2352, '2022-12-04', 4),
('City86', 'Country1', 794194, -66.2798201, 147.2838760, 2203, -7.76, 1787, '1996-08-31', -4),
('City87', 'Country2', 544068, 11.9158908, 156.6129320, 1366, 10.91, 492, '2010-03-24', 0),
('City88', 'Country3', 266806, 89.3916446, 116.5627432, 1975, 23.39, 2741, '1992-02-25', -4),
('City89', 'Country4', 12365, -59.0557648, -61.1911006, 2241, 13.84, 2210, '2008-07-26', 7),
('City9', 'Country4', 771070, -56.1626859, -1.3455548, 2358, -10.75, 1706, '2003-08-15', 12),
('City90', 'Country0', 366955, 25.4355223, -73.7146807, 725, 15.95, 2750, '2002-02-28', 14),
('City91', 'Country1', 642243, -87.2011025, -169.8410672, 1868, 4.96, 2922, '2007-04-17', -2),
('City92', 'Country2', 89429, 35.4696333, 51.0619523, 2725, 16.55, 404, '1993-01-02', -11),
('City93', 'Country3', 895996, 25.8959694, 70.5196282, 1272, 29.84, 2553, '2003-02-07', 5),
('City94', 'Country4', 124054, 54.3548147, -23.4943875, 1859, -19.07, 528, '1990-12-13', -8),
('City95', 'Country0', 937590, 44.7003171, -66.5127174, 1748, -1.25, 1704, '2018-10-09', -8),
('City96', 'Country1', 941516, -16.9093997, -15.2487138, 1652, 22.47, 2295, '1992-05-28', -8),
('City97', 'Country2', 414538, 22.4491899, -13.5630403, 930, -12.68, 1069, '1999-05-23', -12),
('City98', 'Country3', 125580, -31.1104777, 17.6455757, 2805, -2.47, 2026, '2001-11-05', -7),
('City99', 'Country4', 641374, -0.4333899, -102.5672216, 1258, -9.41, 2076, '1995-10-23', -4);

-- --------------------------------------------------------

--
-- Table structure for table `Cloudiness`
--

CREATE TABLE `Cloudiness` (
  `Percentage` decimal(5,2) NOT NULL,
  `High_clouds` decimal(5,2) NOT NULL,
  `Middle_clouds` decimal(5,2) NOT NULL,
  `Low_clouds` decimal(5,2) NOT NULL,
  `Visibility` decimal(5,2) NOT NULL,
  `Fog_percentage` decimal(5,2) NOT NULL,
  `id_Cloudiness` int(11) NOT NULL,
  `fk_Time_RangeTime_from` time NOT NULL,
  `fk_Time_RangeDate` date NOT NULL
) ENGINE=InnoDB DEFAULT CHARSET=utf8 COLLATE=utf8_general_ci;

--
-- Dumping data for table `Cloudiness`
--

INSERT INTO `Cloudiness` (`Percentage`, `High_clouds`, `Middle_clouds`, `Low_clouds`, `Visibility`, `Fog_percentage`, `id_Cloudiness`, `fk_Time_RangeTime_from`, `fk_Time_RangeDate`) VALUES
(79.25, 71.53, 83.74, 71.17, 33.89, 26.93, 1, '06:15:00', '2017-11-14'),
(33.01, 36.34, 58.11, 9.63, 78.28, 83.74, 2, '06:15:00', '2017-11-14'),
(44.74, 58.45, 70.89, 85.15, 22.26, 56.33, 3, '06:15:00', '2017-11-14'),
(50.53, 35.33, 26.26, 65.96, 80.84, 8.36, 4, '06:15:00', '2017-11-14'),
(88.82, 58.39, 74.63, 12.49, 64.14, 36.77, 5, '06:15:00', '2017-11-14'),
(73.76, 7.47, 66.52, 89.28, 82.88, 53.35, 6, '06:15:00', '2017-11-14'),
(36.85, 72.18, 89.04, 62.05, 10.58, 52.61, 7, '06:15:00', '2017-11-14'),
(73.02, 41.73, 4.61, 63.04, 58.07, 38.38, 8, '06:15:00', '2017-11-14'),
(41.87, 31.37, 42.40, 35.51, 3.95, 42.02, 9, '06:15:00', '2017-11-14'),
(99.61, 99.29, 96.51, 83.96, 15.57, 86.50, 10, '06:15:00', '2017-11-14'),
(71.47, 30.95, 66.90, 94.08, 58.27, 45.74, 11, '06:15:00', '2017-11-14'),
(4.33, 94.00, 15.05, 26.00, 72.84, 76.08, 12, '06:15:00', '2017-11-14'),
(94.74, 85.41, 19.58, 49.85, 94.04, 9.94, 13, '06:15:00', '2017-11-14'),
(34.61, 32.54, 40.29, 30.07, 53.11, 86.89, 14, '06:15:00', '2017-11-14'),
(39.71, 90.51, 58.68, 36.03, 36.91, 70.11, 15, '06:15:00', '2017-11-14'),
(13.75, 11.46, 58.44, 93.51, 80.00, 50.19, 16, '06:15:00', '2017-11-14'),
(36.66, 69.90, 39.27, 20.32, 70.20, 94.01, 17, '06:15:00', '2017-11-14'),
(59.40, 39.66, 97.03, 27.17, 69.24, 39.83, 18, '06:15:00', '2017-11-14'),
(79.03, 65.91, 42.44, 90.56, 34.66, 11.77, 19, '06:15:00', '2017-11-14'),
(78.55, 62.88, 52.19, 72.83, 86.33, 16.08, 20, '06:15:00', '2017-11-14'),
(0.33, 53.53, 69.01, 77.77, 52.17, 5.11, 21, '06:15:00', '2017-11-14'),
(50.09, 1.81, 13.71, 76.59, 56.86, 35.94, 22, '06:15:00', '2017-11-14'),
(93.74, 57.05, 57.43, 63.65, 0.03, 74.53, 23, '06:15:00', '2017-11-14'),
(56.02, 46.27, 74.15, 45.67, 19.73, 8.63, 24, '06:15:00', '2017-11-14'),
(37.79, 40.79, 41.05, 98.59, 31.15, 17.69, 25, '06:15:00', '2017-11-14'),
(14.06, 7.96, 1.72, 53.09, 93.54, 8.38, 26, '06:15:00', '2017-11-14'),
(18.47, 97.99, 63.97, 19.12, 65.63, 57.27, 27, '06:15:00', '2017-11-14'),
(91.01, 80.49, 97.31, 1.92, 45.77, 2.22, 28, '06:15:00', '2017-11-14'),
(65.53, 59.32, 96.56, 83.38, 88.32, 50.02, 29, '06:15:00', '2017-11-14'),
(55.51, 51.53, 90.32, 27.79, 17.79, 69.06, 30, '06:15:00', '2017-11-14'),
(35.76, 48.99, 43.69, 85.64, 31.20, 7.97, 31, '06:15:00', '2017-11-14'),
(6.13, 10.59, 3.79, 13.93, 27.53, 70.24, 32, '06:15:00', '2017-11-14'),
(96.63, 28.71, 74.77, 62.28, 54.06, 76.91, 33, '06:15:00', '2017-11-14'),
(44.26, 50.94, 57.35, 93.81, 21.56, 29.16, 34, '06:15:00', '2017-11-14'),
(58.80, 73.90, 89.05, 15.59, 33.30, 66.11, 35, '06:15:00', '2017-11-14'),
(63.70, 87.59, 64.78, 47.66, 43.76, 60.17, 36, '06:15:00', '2017-11-14'),
(40.81, 90.55, 81.46, 13.80, 67.26, 55.75, 37, '06:15:00', '2017-11-14'),
(35.79, 42.65, 36.61, 59.18, 72.74, 18.07, 38, '06:15:00', '2017-11-14'),
(4.65, 18.41, 52.30, 61.94, 82.42, 91.57, 39, '06:15:00', '2017-11-14'),
(5.60, 31.04, 15.59, 17.20, 19.70, 90.50, 40, '06:15:00', '2017-11-14'),
(43.35, 15.61, 96.34, 68.02, 92.37, 53.50, 41, '06:15:00', '2017-11-14'),
(30.59, 7.14, 47.79, 7.90, 35.23, 59.28, 42, '06:15:00', '2017-11-14'),
(20.55, 50.37, 44.08, 36.31, 5.61, 41.29, 43, '06:15:00', '2017-11-14'),
(82.02, 15.60, 72.85, 68.68, 71.42, 97.66, 44, '06:15:00', '2017-11-14'),
(0.03, 15.70, 20.59, 51.31, 62.16, 1.78, 45, '06:15:00', '2017-11-14'),
(89.94, 32.58, 69.71, 33.22, 8.42, 11.64, 46, '06:15:00', '2017-11-14'),
(72.26, 80.40, 84.16, 81.85, 55.65, 58.18, 47, '06:15:00', '2017-11-14'),
(95.23, 0.75, 1.28, 11.87, 48.32, 94.60, 48, '06:15:00', '2017-11-14'),
(71.86, 15.11, 87.85, 31.67, 54.12, 64.16, 49, '06:15:00', '2017-11-14'),
(55.72, 62.60, 52.18, 89.47, 10.61, 95.47, 50, '06:15:00', '2017-11-14'),
(24.71, 89.55, 42.36, 1.18, 3.75, 85.12, 51, '06:15:00', '2017-11-14'),
(1.60, 72.51, 87.89, 44.93, 47.74, 30.50, 52, '06:15:00', '2017-11-14'),
(53.37, 19.84, 12.44, 81.52, 86.23, 64.47, 53, '06:15:00', '2017-11-14'),
(67.83, 95.02, 65.31, 85.19, 50.02, 98.70, 54, '06:15:00', '2017-11-14'),
(4.80, 69.11, 88.41, 87.61, 60.40, 59.24, 55, '06:15:00', '2017-11-14'),
(20.58, 60.09, 64.97, 73.77, 62.82, 62.06, 56, '06:15:00', '2017-11-14'),
(80.32, 16.45, 54.76, 38.10, 39.42, 37.68, 57, '06:15:00', '2017-11-14'),
(11.68, 8.00, 71.71, 13.41, 48.19, 65.54, 58, '06:15:00', '2017-11-14'),
(93.29, 35.95, 89.56, 40.22, 19.98, 59.70, 59, '06:15:00', '2017-11-14'),
(84.76, 96.96, 41.56, 58.31, 88.58, 25.66, 60, '06:15:00', '2017-11-14'),
(94.38, 1.50, 21.96, 30.44, 82.41, 23.88, 61, '06:15:00', '2017-11-14'),
(84.27, 91.67, 14.32, 57.35, 82.74, 29.62, 62, '06:15:00', '2017-11-14'),
(46.62, 40.18, 49.62, 89.30, 10.16, 92.56, 63, '06:15:00', '2017-11-14'),
(16.07, 19.43, 56.69, 69.49, 41.68, 68.20, 64, '06:15:00', '2017-11-14'),
(74.41, 88.70, 6.15, 7.62, 38.27, 53.49, 65, '06:15:00', '2017-11-14'),
(63.74, 93.58, 11.48, 66.95, 66.76, 54.00, 66, '06:15:00', '2017-11-14'),
(52.80, 70.84, 29.85, 88.08, 41.87, 42.29, 67, '06:15:00', '2017-11-14'),
(3.48, 69.95, 90.78, 66.42, 70.44, 59.72, 68, '06:15:00', '2017-11-14'),
(32.64, 58.75, 36.49, 88.36, 77.45, 43.04, 69, '06:15:00', '2017-11-14'),
(61.06, 31.49, 89.22, 41.92, 28.34, 60.03, 70, '06:15:00', '2017-11-14'),
(4.00, 9.85, 94.26, 78.37, 25.31, 69.11, 71, '06:15:00', '2017-11-14'),
(56.21, 78.86, 60.41, 44.67, 77.38, 85.56, 72, '06:15:00', '2017-11-14'),
(5.60, 26.66, 71.89, 27.08, 94.96, 54.99, 73, '06:15:00', '2017-11-14'),
(42.05, 30.08, 49.12, 27.96, 91.62, 13.06, 74, '06:15:00', '2017-11-14'),
(97.43, 63.19, 9.24, 29.09, 95.29, 84.33, 75, '06:15:00', '2017-11-14'),
(74.99, 78.08, 15.17, 23.94, 81.83, 64.19, 76, '06:15:00', '2017-11-14'),
(42.21, 88.09, 89.35, 23.44, 95.77, 25.71, 77, '06:15:00', '2017-11-14'),
(43.05, 61.85, 59.41, 82.19, 18.32, 48.53, 78, '06:15:00', '2017-11-14'),
(92.34, 8.87, 47.68, 28.04, 60.45, 64.89, 79, '06:15:00', '2017-11-14'),
(29.20, 61.62, 48.84, 38.68, 41.62, 22.32, 80, '06:15:00', '2017-11-14'),
(83.93, 44.70, 0.30, 1.74, 35.32, 27.19, 81, '06:15:00', '2017-11-14'),
(89.76, 73.93, 1.90, 59.10, 55.47, 25.60, 82, '06:15:00', '2017-11-14'),
(7.97, 10.54, 45.94, 0.53, 65.05, 3.12, 83, '06:15:00', '2017-11-14'),
(57.60, 78.00, 57.28, 80.05, 8.09, 48.54, 84, '06:15:00', '2017-11-14'),
(68.25, 53.92, 55.58, 91.14, 88.86, 51.02, 85, '06:15:00', '2017-11-14'),
(7.54, 53.53, 5.36, 0.18, 48.26, 57.88, 86, '06:15:00', '2017-11-14'),
(39.11, 17.79, 77.82, 3.70, 81.50, 46.98, 87, '06:15:00', '2017-11-14'),
(12.85, 35.40, 46.41, 49.15, 36.34, 78.02, 88, '06:15:00', '2017-11-14'),
(79.43, 28.77, 52.75, 78.27, 31.26, 70.49, 89, '06:15:00', '2017-11-14'),
(68.74, 56.76, 41.14, 33.48, 26.05, 61.09, 90, '06:15:00', '2017-11-14'),
(93.96, 16.97, 5.76, 56.94, 52.64, 11.28, 91, '06:15:00', '2017-11-14'),
(16.51, 20.95, 53.39, 37.44, 63.55, 30.75, 92, '06:15:00', '2017-11-14'),
(13.59, 50.45, 13.09, 35.99, 40.50, 72.50, 93, '06:15:00', '2017-11-14'),
(94.34, 54.89, 63.84, 13.78, 23.08, 51.60, 94, '06:15:00', '2017-11-14'),
(57.11, 93.36, 46.89, 72.74, 87.59, 40.77, 95, '06:15:00', '2017-11-14'),
(82.74, 29.18, 7.51, 21.80, 21.19, 3.30, 96, '06:15:00', '2017-11-14'),
(51.54, 8.60, 86.03, 99.57, 0.60, 72.05, 97, '06:15:00', '2017-11-14'),
(95.09, 34.60, 90.26, 24.52, 18.86, 78.07, 98, '06:15:00', '2017-11-14'),
(78.05, 35.20, 77.96, 96.32, 16.94, 94.92, 99, '06:15:00', '2017-11-14');

-- --------------------------------------------------------

--
-- Table structure for table `Moonlight`
--

CREATE TABLE `Moonlight` (
  `Moonrise` time NOT NULL,
  `Moonset` time NOT NULL,
  `Phase` varchar(20) NOT NULL,
  `Distance_to_the_Earth` int(11) NOT NULL,
  `Brightness` decimal(5,2) NOT NULL,
  `Duration_in_the_sky` time NOT NULL,
  `id_Moonlight` int(11) NOT NULL,
  `fk_Weather_ForecastCode` varchar(20) NOT NULL,
  `fk_Weather_ForecastDate` date NOT NULL
) ENGINE=InnoDB DEFAULT CHARSET=utf8 COLLATE=utf8_general_ci;

--
-- Dumping data for table `Moonlight`
--

INSERT INTO `Moonlight` (`Moonrise`, `Moonset`, `Phase`, `Distance_to_the_Earth`, `Brightness`, `Duration_in_the_sky`, `id_Moonlight`, `fk_Weather_ForecastCode`, `fk_Weather_ForecastDate`) VALUES
('13:56:00', '12:02:00', 'Waxing', 401794, 98.97, '04:24:00', 1, 'FC18', '2015-06-27'),
('01:18:00', '14:01:00', 'Full', 401737, 71.43, '21:03:00', 2, 'FC18', '2015-06-27'),
('04:09:00', '05:53:00', 'New', 374998, 8.31, '11:39:00', 3, 'FC18', '2015-06-27'),
('20:25:00', '00:22:00', 'Full', 383726, 12.75, '00:07:00', 4, 'FC18', '2015-06-27'),
('09:23:00', '10:22:00', 'Full', 387145, 84.76, '10:16:00', 5, 'FC18', '2015-06-27'),
('11:36:00', '04:44:00', 'Waning', 388869, 34.43, '07:11:00', 6, 'FC18', '2015-06-27'),
('01:42:00', '06:48:00', 'Waxing', 379355, 77.66, '11:42:00', 7, 'FC18', '2015-06-27'),
('10:51:00', '14:41:00', 'Waxing', 382470, 90.84, '01:12:00', 8, 'FC18', '2015-06-27'),
('02:32:00', '06:46:00', 'Full', 382100, 43.49, '20:02:00', 9, 'FC18', '2015-06-27'),
('22:43:00', '07:42:00', 'Waning', 400803, 72.25, '17:06:00', 10, 'FC18', '2015-06-27'),
('21:29:00', '14:24:00', 'Full', 370836, 33.33, '02:21:00', 11, 'FC18', '2015-06-27'),
('14:11:00', '12:35:00', 'Waning', 388272, 50.39, '14:37:00', 12, 'FC18', '2015-06-27'),
('19:18:00', '18:40:00', 'Waxing', 403479, 88.34, '18:12:00', 13, 'FC18', '2015-06-27'),
('02:57:00', '07:58:00', 'Full', 374925, 86.75, '01:50:00', 14, 'FC18', '2015-06-27'),
('02:15:00', '22:32:00', 'Waxing', 395326, 72.27, '07:12:00', 15, 'FC18', '2015-06-27'),
('03:44:00', '02:22:00', 'Waning', 390120, 14.76, '22:44:00', 16, 'FC18', '2015-06-27'),
('08:06:00', '03:45:00', 'Full', 368774, 79.36, '02:12:00', 17, 'FC18', '2015-06-27'),
('05:40:00', '03:13:00', 'New', 396721, 98.34, '04:58:00', 18, 'FC18', '2015-06-27'),
('08:56:00', '12:34:00', 'Full', 367936, 5.80, '00:14:00', 19, 'FC18', '2015-06-27'),
('04:29:00', '05:36:00', 'Waning', 367248, 91.91, '12:53:00', 20, 'FC18', '2015-06-27'),
('13:07:00', '05:51:00', 'New', 386217, 82.90, '12:44:00', 21, 'FC18', '2015-06-27'),
('19:26:00', '13:20:00', 'New', 378531, 34.66, '05:16:00', 22, 'FC18', '2015-06-27'),
('12:15:00', '12:55:00', 'Waning', 373666, 3.19, '14:34:00', 23, 'FC18', '2015-06-27'),
('04:01:00', '08:54:00', 'Waxing', 368157, 17.34, '23:31:00', 24, 'FC18', '2015-06-27'),
('17:01:00', '09:56:00', 'Full', 367293, 86.73, '04:29:00', 25, 'FC18', '2015-06-27'),
('07:08:00', '00:03:00', 'Waxing', 394903, 88.91, '20:56:00', 26, 'FC18', '2015-06-27'),
('08:38:00', '16:50:00', 'Full', 381919, 47.76, '18:18:00', 27, 'FC18', '2015-06-27'),
('13:34:00', '01:13:00', 'New', 374102, 62.39, '22:54:00', 28, 'FC18', '2015-06-27'),
('19:22:00', '23:15:00', 'Waning', 384533, 52.79, '20:04:00', 29, 'FC18', '2015-06-27'),
('00:31:00', '06:39:00', 'Waning', 393000, 90.71, '08:53:00', 30, 'FC18', '2015-06-27'),
('07:02:00', '17:43:00', 'Full', 403395, 70.12, '10:09:00', 31, 'FC18', '2015-06-27'),
('21:36:00', '23:26:00', 'New', 371112, 1.76, '01:08:00', 32, 'FC18', '2015-06-27'),
('21:46:00', '03:16:00', 'Waning', 402879, 22.42, '18:56:00', 33, 'FC18', '2015-06-27'),
('12:36:00', '08:43:00', 'Waxing', 364792, 74.35, '08:17:00', 34, 'FC18', '2015-06-27'),
('17:30:00', '01:31:00', 'Waxing', 398619, 72.75, '23:47:00', 35, 'FC18', '2015-06-27'),
('11:58:00', '13:05:00', 'Full', 381535, 43.80, '18:53:00', 36, 'FC18', '2015-06-27'),
('05:34:00', '08:28:00', 'Waxing', 374900, 77.97, '20:28:00', 37, 'FC18', '2015-06-27'),
('16:54:00', '15:23:00', 'Waxing', 389355, 99.89, '12:10:00', 38, 'FC18', '2015-06-27'),
('22:25:00', '00:06:00', 'Waning', 401141, 41.98, '09:51:00', 39, 'FC18', '2015-06-27'),
('06:54:00', '03:51:00', 'New', 394841, 76.57, '03:43:00', 40, 'FC18', '2015-06-27'),
('04:24:00', '11:04:00', 'Waning', 381767, 47.89, '17:48:00', 41, 'FC18', '2015-06-27'),
('10:20:00', '12:26:00', 'Waning', 365287, 29.07, '18:52:00', 42, 'FC18', '2015-06-27'),
('18:32:00', '19:16:00', 'Full', 363699, 44.58, '02:17:00', 43, 'FC18', '2015-06-27'),
('23:59:00', '12:53:00', 'Waning', 366118, 69.97, '07:14:00', 44, 'FC18', '2015-06-27'),
('15:40:00', '20:45:00', 'Waxing', 379933, 4.41, '11:24:00', 45, 'FC18', '2015-06-27'),
('08:01:00', '13:32:00', 'Waxing', 365626, 18.82, '18:02:00', 46, 'FC18', '2015-06-27'),
('23:15:00', '22:59:00', 'Waxing', 379208, 21.11, '17:59:00', 47, 'FC18', '2015-06-27'),
('05:35:00', '21:59:00', 'New', 402069, 19.29, '02:45:00', 48, 'FC18', '2015-06-27'),
('14:45:00', '19:06:00', 'Waning', 378228, 87.54, '19:24:00', 49, 'FC18', '2015-06-27'),
('20:55:00', '12:19:00', 'New', 367201, 92.67, '15:12:00', 50, 'FC18', '2015-06-27'),
('08:51:00', '07:26:00', 'Waxing', 381623, 96.45, '16:47:00', 51, 'FC18', '2015-06-27'),
('02:07:00', '04:51:00', 'Waning', 374468, 69.18, '12:39:00', 52, 'FC18', '2015-06-27'),
('13:42:00', '15:28:00', 'Waxing', 371440, 83.56, '13:13:00', 53, 'FC18', '2015-06-27'),
('03:55:00', '21:00:00', 'Full', 377671, 98.07, '12:34:00', 54, 'FC18', '2015-06-27'),
('16:45:00', '12:07:00', 'Waxing', 369077, 5.60, '00:49:00', 55, 'FC18', '2015-06-27'),
('06:17:00', '16:57:00', 'Waning', 394084, 29.47, '07:13:00', 56, 'FC18', '2015-06-27'),
('11:31:00', '23:02:00', 'Waxing', 372463, 64.69, '00:13:00', 57, 'FC18', '2015-06-27'),
('17:58:00', '21:34:00', 'Full', 374528, 16.54, '02:04:00', 58, 'FC18', '2015-06-27'),
('22:07:00', '08:29:00', 'New', 392521, 73.45, '11:33:00', 59, 'FC18', '2015-06-27'),
('13:09:00', '00:48:00', 'New', 396662, 55.63, '10:50:00', 60, 'FC18', '2015-06-27'),
('11:08:00', '03:47:00', 'New', 403428, 10.72, '02:17:00', 61, 'FC18', '2015-06-27'),
('06:52:00', '17:41:00', 'Waxing', 404199, 30.57, '02:31:00', 62, 'FC18', '2015-06-27'),
('02:40:00', '04:10:00', 'Waning', 372531, 37.69, '13:42:00', 63, 'FC18', '2015-06-27'),
('11:04:00', '05:34:00', 'New', 389778, 45.83, '17:43:00', 64, 'FC18', '2015-06-27'),
('14:51:00', '01:45:00', 'Full', 368453, 71.82, '03:46:00', 65, 'FC18', '2015-06-27'),
('02:49:00', '08:16:00', 'Waning', 385296, 86.56, '23:46:00', 66, 'FC18', '2015-06-27'),
('03:06:00', '00:30:00', 'New', 395803, 20.98, '23:55:00', 67, 'FC18', '2015-06-27'),
('21:02:00', '01:24:00', 'Full', 380830, 68.60, '13:20:00', 68, 'FC18', '2015-06-27'),
('23:05:00', '10:45:00', 'New', 394111, 39.81, '21:09:00', 69, 'FC18', '2015-06-27'),
('10:41:00', '07:05:00', 'Waxing', 369183, 11.61, '10:49:00', 70, 'FC18', '2015-06-27'),
('17:46:00', '16:19:00', 'Waning', 384493, 87.91, '17:44:00', 71, 'FC18', '2015-06-27'),
('07:55:00', '12:09:00', 'Waning', 375046, 9.77, '22:01:00', 72, 'FC18', '2015-06-27'),
('21:59:00', '22:15:00', 'Waxing', 382207, 32.94, '03:45:00', 73, 'FC18', '2015-06-27'),
('20:05:00', '21:06:00', 'New', 383565, 17.55, '20:42:00', 74, 'FC18', '2015-06-27'),
('05:07:00', '15:57:00', 'Waning', 396529, 21.21, '08:02:00', 75, 'FC18', '2015-06-27'),
('15:41:00', '07:47:00', 'Waning', 377327, 95.86, '15:21:00', 76, 'FC18', '2015-06-27'),
('14:34:00', '18:45:00', 'New', 385924, 56.99, '21:33:00', 77, 'FC18', '2015-06-27'),
('07:46:00', '22:52:00', 'Waxing', 376011, 84.06, '14:11:00', 78, 'FC18', '2015-06-27'),
('00:44:00', '22:51:00', 'Waxing', 400044, 64.28, '13:48:00', 79, 'FC18', '2015-06-27'),
('18:52:00', '23:33:00', 'New', 383367, 12.69, '16:47:00', 80, 'FC18', '2015-06-27'),
('21:10:00', '05:33:00', 'Waning', 372082, 92.05, '05:20:00', 81, 'FC18', '2015-06-27'),
('03:55:00', '07:47:00', 'New', 375750, 89.99, '19:17:00', 82, 'FC18', '2015-06-27'),
('09:06:00', '02:38:00', 'Waning', 401521, 49.86, '04:44:00', 83, 'FC18', '2015-06-27'),
('18:21:00', '14:40:00', 'Waning', 384942, 82.79, '02:03:00', 84, 'FC18', '2015-06-27'),
('04:10:00', '19:00:00', 'Full', 363438, 0.51, '12:28:00', 85, 'FC18', '2015-06-27'),
('06:39:00', '22:13:00', 'Waning', 386817, 18.40, '10:26:00', 86, 'FC18', '2015-06-27'),
('09:51:00', '12:31:00', 'Full', 386672, 49.70, '18:46:00', 87, 'FC18', '2015-06-27'),
('07:12:00', '19:07:00', 'New', 370440, 82.63, '05:24:00', 88, 'FC18', '2015-06-27'),
('06:48:00', '07:01:00', 'Waxing', 394432, 31.47, '15:58:00', 89, 'FC18', '2015-06-27'),
('23:23:00', '12:41:00', 'Waning', 395787, 31.00, '03:59:00', 90, 'FC18', '2015-06-27'),
('16:29:00', '10:02:00', 'Waxing', 367488, 46.28, '15:08:00', 91, 'FC18', '2015-06-27'),
('00:18:00', '12:05:00', 'Waxing', 403047, 49.66, '01:02:00', 92, 'FC18', '2015-06-27'),
('16:54:00', '16:58:00', 'New', 396247, 43.30, '06:04:00', 93, 'FC18', '2015-06-27'),
('02:52:00', '03:13:00', 'Full', 402870, 61.17, '00:57:00', 94, 'FC18', '2015-06-27'),
('14:51:00', '01:24:00', 'Full', 372501, 78.85, '21:31:00', 95, 'FC18', '2015-06-27'),
('23:04:00', '15:52:00', 'Waxing', 387334, 80.95, '11:54:00', 96, 'FC18', '2015-06-27'),
('07:11:00', '17:21:00', 'Waning', 382272, 31.76, '14:56:00', 97, 'FC18', '2015-06-27'),
('15:01:00', '15:21:00', 'Waning', 404382, 94.66, '04:08:00', 98, 'FC18', '2015-06-27'),
('02:25:00', '04:59:00', 'Waning', 372035, 47.06, '04:16:00', 99, 'FC18', '2015-06-27');

-- --------------------------------------------------------

--
-- Table structure for table `Operational_Statuses`
--

CREATE TABLE `Operational_Statuses` (
  `Date_from` date NOT NULL,
  `Date_to` date DEFAULT NULL,
  `Status` tinyint(1) NOT NULL,
  `id_Operational_Status` int(11) NOT NULL,
  `fk_Weather_StationCode` varchar(20) NOT NULL
) ENGINE=InnoDB DEFAULT CHARSET=utf8 COLLATE=utf8_general_ci;

--
-- Dumping data for table `Operational_Statuses`
--

INSERT INTO `Operational_Statuses` (`Date_from`, `Date_to`, `Status`, `id_Operational_Status`, `fk_Weather_StationCode`) VALUES
('2019-03-12', '2010-06-10', 0, 1, 'WS0'),
('2009-12-19', '2020-02-16', 0, 2, 'WS2'),
('2008-06-21', '2013-08-10', 0, 3, 'WS3'),
('2012-12-21', '2018-09-01', 1, 4, 'WS4'),
('2022-11-26', '2017-03-20', 1, 5, 'WS5'),
('2001-12-22', '2021-12-31', 0, 6, 'WS6'),
('2003-12-20', '2021-09-20', 1, 7, 'WS7'),
('1992-11-17', '2019-04-02', 1, 8, 'WS8'),
('2017-06-28', '2022-11-20', 1, 9, 'WS9'),
('2017-02-14', '2004-08-09', 0, 10, 'WS10'),
('2000-10-25', '2022-03-22', 0, 11, 'WS11'),
('1991-06-13', '1995-10-07', 1, 12, 'WS12'),
('2022-03-02', '2009-07-14', 0, 13, 'WS13'),
('2024-05-31', '2000-12-21', 1, 14, 'WS14'),
('2022-10-24', '2019-07-05', 0, 15, 'WS15'),
('1991-10-26', '2015-12-28', 1, 16, 'WS16'),
('2015-04-10', '2003-10-18', 1, 17, 'WS17'),
('2021-03-04', '1997-01-11', 0, 18, 'WS18'),
('1999-11-23', '1992-11-30', 0, 19, 'WS19'),
('1999-05-01', '2024-07-30', 0, 20, 'WS20'),
('1994-05-20', '2007-07-16', 1, 21, 'WS21'),
('1997-02-17', '2023-07-23', 0, 22, 'WS22'),
('2012-06-21', '2000-05-24', 1, 23, 'WS23'),
('2009-10-15', '1998-03-10', 0, 24, 'WS24'),
('2004-05-18', '2017-04-19', 0, 25, 'WS25'),
('2006-04-23', '2013-09-29', 1, 26, 'WS26'),
('1993-01-14', '2001-06-26', 1, 27, 'WS27'),
('2011-03-09', '2008-02-01', 1, 28, 'WS28'),
('2019-01-15', '2006-12-07', 0, 29, 'WS29'),
('2002-07-07', '2021-10-23', 0, 30, 'WS30'),
('2023-05-09', '1994-02-06', 1, 31, 'WS31'),
('1991-11-14', '2017-07-09', 1, 32, 'WS32'),
('2002-12-09', '2019-01-26', 0, 33, 'WS33'),
('1993-03-14', '2024-03-08', 1, 34, 'WS34'),
('2001-03-09', '2018-04-04', 1, 35, 'WS35'),
('2018-03-24', '2012-04-07', 1, 36, 'WS36'),
('2017-08-13', '2024-07-21', 0, 37, 'WS37'),
('2000-11-02', '2013-10-23', 1, 38, 'WS38'),
('1998-01-28', '2010-08-19', 1, 39, 'WS39'),
('2004-05-27', '1999-07-17', 0, 40, 'WS40'),
('2009-03-10', '2020-11-25', 1, 41, 'WS41'),
('2015-03-22', '1992-09-27', 0, 42, 'WS42'),
('2021-05-12', '2007-08-10', 0, 43, 'WS43'),
('2024-05-22', '1999-07-02', 0, 44, 'WS44'),
('2011-02-01', '2021-09-23', 1, 45, 'WS45'),
('1996-08-24', '2001-04-28', 0, 46, 'WS46'),
('2011-08-01', '1995-02-24', 1, 47, 'WS47'),
('2013-08-18', '2017-02-06', 0, 48, 'WS48'),
('2004-03-07', '2021-05-31', 0, 49, 'WS49'),
('2002-03-16', '1999-03-23', 0, 50, 'WS50'),
('2023-07-15', '1996-09-03', 1, 51, 'WS51'),
('1990-01-06', '2016-02-16', 1, 52, 'WS52'),
('2004-02-23', '2022-11-02', 1, 53, 'WS53'),
('2003-09-03', '1991-06-12', 1, 54, 'WS54'),
('2024-02-05', '1997-12-22', 0, 55, 'WS55'),
('2019-05-14', '2016-01-18', 0, 56, 'WS56'),
('2018-04-01', '2017-06-02', 0, 57, 'WS57'),
('1991-03-11', '1991-07-17', 1, 58, 'WS58'),
('1998-06-18', '2014-12-27', 1, 59, 'WS59'),
('2021-08-13', '2009-04-29', 1, 60, 'WS60'),
('1990-08-28', '2000-10-24', 1, 61, 'WS61'),
('1991-01-19', '1992-06-20', 1, 62, 'WS62'),
('2000-02-24', '2023-06-02', 1, 63, 'WS63'),
('2022-03-27', '2024-01-14', 0, 64, 'WS64'),
('2005-01-02', '2006-02-16', 1, 65, 'WS65'),
('1996-11-11', '1990-02-24', 0, 66, 'WS66'),
('2017-12-13', '1993-12-03', 1, 67, 'WS67'),
('2011-05-21', '2001-02-14', 1, 68, 'WS68'),
('2006-01-25', '2021-01-15', 0, 69, 'WS69'),
('2007-08-08', '2016-09-05', 0, 70, 'WS70'),
('2018-01-17', '2009-02-11', 1, 71, 'WS71'),
('2016-07-09', '2016-05-10', 0, 72, 'WS72'),
('2024-07-15', '2017-01-13', 0, 73, 'WS73'),
('2014-07-14', '1990-08-09', 0, 74, 'WS74'),
('1996-07-05', '2018-08-02', 0, 75, 'WS75'),
('2008-01-01', '2022-05-12', 0, 76, 'WS76'),
('1991-05-31', '2002-10-30', 1, 77, 'WS77'),
('2015-07-13', '1991-11-06', 1, 78, 'WS78'),
('2012-02-17', '2010-11-08', 1, 79, 'WS79'),
('2020-11-23', '2016-05-22', 1, 80, 'WS80'),
('1994-08-11', '2013-02-19', 1, 81, 'WS81'),
('2006-05-12', '2024-03-12', 1, 82, 'WS82'),
('2018-10-06', '1996-12-10', 1, 83, 'WS83'),
('2000-09-08', '1999-07-31', 0, 84, 'WS84'),
('2004-02-12', '2023-02-03', 0, 85, 'WS85'),
('2006-08-03', '2000-03-23', 1, 86, 'WS86'),
('2002-07-10', '2010-12-31', 1, 87, 'WS87'),
('2012-08-09', '2013-10-04', 0, 88, 'WS88'),
('2017-02-27', '2002-01-08', 1, 89, 'WS89'),
('1996-04-22', '2011-12-05', 0, 90, 'WS90'),
('2024-09-28', '2022-03-23', 0, 91, 'WS91'),
('2007-09-19', '2004-08-02', 0, 92, 'WS92'),
('2007-04-27', '2007-07-21', 1, 93, 'WS93'),
('2004-03-05', '2019-04-04', 1, 94, 'WS94'),
('2013-02-24', '2010-10-12', 1, 95, 'WS95'),
('2015-08-18', '1995-01-23', 1, 96, 'WS96'),
('2024-05-29', '2010-08-04', 0, 97, 'WS97'),
('2023-10-31', '2010-09-12', 0, 98, 'WS98'),
('2013-11-08', '1990-10-15', 1, 99, 'WS99');

-- --------------------------------------------------------

--
-- Table structure for table `Precipitations`
--

CREATE TABLE `Precipitations` (
  `Type` varchar(20) NOT NULL,
  `Amount_in_mm` int(11) NOT NULL,
  `Intensity` varchar(20) NOT NULL,
  `Probability` decimal(5,2) NOT NULL,
  `Duration` time NOT NULL,
  `id_Precipitation` int(11) NOT NULL,
  `fk_Time_RangeTime_from` time NOT NULL,
  `fk_Time_RangeDate` date NOT NULL
) ENGINE=InnoDB DEFAULT CHARSET=utf8 COLLATE=utf8_general_ci;

--
-- Dumping data for table `Precipitations`
--

INSERT INTO `Precipitations` (`Type`, `Amount_in_mm`, `Intensity`, `Probability`, `Duration`, `id_Precipitation`, `fk_Time_RangeTime_from`, `fk_Time_RangeDate`) VALUES
('Rain', 86, 'Moderate', 38.38, '10:02:00', 1, '06:15:00', '2017-11-14'),
('Rain', 83, 'Heavy', 93.13, '03:48:00', 2, '06:15:00', '2017-11-14'),
('Hail', 46, 'Light', 36.55, '01:18:00', 3, '06:15:00', '2017-11-14'),
('Sleet', 55, 'Light', 20.18, '16:01:00', 4, '06:15:00', '2017-11-14'),
('Snow', 13, 'Moderate', 93.16, '01:26:00', 5, '06:15:00', '2017-11-14'),
('Hail', 41, 'Moderate', 78.97, '18:57:00', 6, '06:15:00', '2017-11-14'),
('Rain', 7, 'Light', 41.42, '16:47:00', 7, '06:15:00', '2017-11-14'),
('Rain', 39, 'Moderate', 58.54, '23:47:00', 8, '06:15:00', '2017-11-14'),
('Rain', 59, 'Heavy', 65.48, '13:13:00', 9, '06:15:00', '2017-11-14'),
('Sleet', 56, 'Light', 77.19, '00:08:00', 10, '06:15:00', '2017-11-14'),
('Rain', 35, 'Light', 57.18, '15:29:00', 11, '06:15:00', '2017-11-14'),
('Snow', 17, 'Light', 16.72, '15:18:00', 12, '06:15:00', '2017-11-14'),
('Hail', 9, 'Moderate', 2.96, '14:29:00', 13, '06:15:00', '2017-11-14'),
('Rain', 92, 'Heavy', 66.64, '05:14:00', 14, '06:15:00', '2017-11-14'),
('Snow', 10, 'Heavy', 91.73, '12:50:00', 15, '06:15:00', '2017-11-14'),
('Snow', 59, 'Light', 58.70, '09:31:00', 16, '06:15:00', '2017-11-14'),
('Rain', 41, 'Heavy', 29.34, '11:30:00', 17, '06:15:00', '2017-11-14'),
('Sleet', 84, 'Heavy', 21.37, '12:21:00', 18, '06:15:00', '2017-11-14'),
('Rain', 37, 'Heavy', 51.91, '02:48:00', 19, '06:15:00', '2017-11-14'),
('Sleet', 25, 'Light', 38.59, '16:08:00', 20, '06:15:00', '2017-11-14'),
('Sleet', 81, 'Heavy', 75.54, '11:35:00', 21, '06:15:00', '2017-11-14'),
('Snow', 58, 'Light', 87.51, '10:04:00', 22, '06:15:00', '2017-11-14'),
('Snow', 74, 'Moderate', 12.07, '19:51:00', 23, '06:15:00', '2017-11-14'),
('Hail', 49, 'Heavy', 57.18, '00:41:00', 24, '06:15:00', '2017-11-14'),
('Hail', 5, 'Moderate', 42.88, '23:54:00', 25, '06:15:00', '2017-11-14'),
('Snow', 33, 'Light', 70.97, '10:54:00', 26, '06:15:00', '2017-11-14'),
('Rain', 77, 'Light', 68.17, '17:13:00', 27, '06:15:00', '2017-11-14'),
('Sleet', 31, 'Moderate', 87.60, '17:55:00', 28, '06:15:00', '2017-11-14'),
('Sleet', 79, 'Moderate', 30.94, '03:41:00', 29, '06:15:00', '2017-11-14'),
('Rain', 75, 'Moderate', 4.99, '05:29:00', 30, '06:15:00', '2017-11-14'),
('Snow', 35, 'Moderate', 42.59, '21:51:00', 31, '06:15:00', '2017-11-14'),
('Hail', 81, 'Moderate', 60.62, '17:28:00', 32, '06:15:00', '2017-11-14'),
('Rain', 31, 'Heavy', 68.69, '13:43:00', 33, '06:15:00', '2017-11-14'),
('Sleet', 64, 'Light', 13.80, '05:18:00', 34, '06:15:00', '2017-11-14'),
('Snow', 91, 'Light', 59.69, '07:44:00', 35, '06:15:00', '2017-11-14'),
('Snow', 70, 'Heavy', 85.04, '23:53:00', 36, '06:15:00', '2017-11-14'),
('Hail', 22, 'Heavy', 57.82, '08:55:00', 37, '06:15:00', '2017-11-14'),
('Rain', 80, 'Heavy', 16.81, '05:32:00', 38, '06:15:00', '2017-11-14'),
('Rain', 62, 'Moderate', 25.57, '20:21:00', 39, '06:15:00', '2017-11-14'),
('Sleet', 91, 'Moderate', 65.43, '13:25:00', 40, '06:15:00', '2017-11-14'),
('Hail', 59, 'Light', 15.46, '23:32:00', 41, '06:15:00', '2017-11-14'),
('Rain', 86, 'Light', 64.99, '15:31:00', 42, '06:15:00', '2017-11-14'),
('Rain', 100, 'Light', 60.17, '12:47:00', 43, '06:15:00', '2017-11-14'),
('Hail', 67, 'Moderate', 33.09, '08:41:00', 44, '06:15:00', '2017-11-14'),
('Snow', 93, 'Heavy', 79.26, '12:55:00', 45, '06:15:00', '2017-11-14'),
('Rain', 6, 'Heavy', 72.99, '18:22:00', 46, '06:15:00', '2017-11-14'),
('Hail', 58, 'Moderate', 33.25, '00:08:00', 47, '06:15:00', '2017-11-14'),
('Sleet', 70, 'Light', 85.72, '10:45:00', 48, '06:15:00', '2017-11-14'),
('Rain', 40, 'Light', 62.31, '23:01:00', 49, '06:15:00', '2017-11-14'),
('Rain', 40, 'Heavy', 99.42, '12:28:00', 50, '06:15:00', '2017-11-14'),
('Snow', 84, 'Moderate', 31.26, '10:36:00', 51, '06:15:00', '2017-11-14'),
('Hail', 93, 'Light', 2.12, '19:29:00', 52, '06:15:00', '2017-11-14'),
('Rain', 97, 'Heavy', 17.78, '21:58:00', 53, '06:15:00', '2017-11-14'),
('Hail', 86, 'Light', 14.71, '17:44:00', 54, '06:15:00', '2017-11-14'),
('Rain', 85, 'Heavy', 18.10, '01:01:00', 55, '06:15:00', '2017-11-14'),
('Sleet', 12, 'Moderate', 73.24, '19:30:00', 56, '06:15:00', '2017-11-14'),
('Rain', 81, 'Heavy', 48.14, '09:52:00', 57, '06:15:00', '2017-11-14'),
('Sleet', 70, 'Light', 57.30, '11:02:00', 58, '06:15:00', '2017-11-14'),
('Rain', 74, 'Moderate', 44.41, '06:20:00', 59, '06:15:00', '2017-11-14'),
('Hail', 58, 'Heavy', 82.48, '01:40:00', 60, '06:15:00', '2017-11-14'),
('Sleet', 2, 'Heavy', 53.56, '16:21:00', 61, '06:15:00', '2017-11-14'),
('Rain', 44, 'Light', 2.85, '02:22:00', 62, '06:15:00', '2017-11-14'),
('Sleet', 58, 'Moderate', 18.37, '16:55:00', 63, '06:15:00', '2017-11-14'),
('Snow', 4, 'Moderate', 53.16, '15:39:00', 64, '06:15:00', '2017-11-14'),
('Sleet', 41, 'Light', 0.15, '21:01:00', 65, '06:15:00', '2017-11-14'),
('Snow', 91, 'Moderate', 89.20, '13:15:00', 66, '06:15:00', '2017-11-14'),
('Snow', 99, 'Moderate', 98.54, '06:36:00', 67, '06:15:00', '2017-11-14'),
('Rain', 19, 'Light', 74.43, '18:23:00', 68, '06:15:00', '2017-11-14'),
('Snow', 48, 'Light', 99.92, '12:34:00', 69, '06:15:00', '2017-11-14'),
('Sleet', 85, 'Light', 20.59, '08:24:00', 70, '06:15:00', '2017-11-14'),
('Rain', 80, 'Moderate', 85.15, '11:34:00', 71, '06:15:00', '2017-11-14'),
('Hail', 60, 'Heavy', 15.05, '06:47:00', 72, '06:15:00', '2017-11-14'),
('Snow', 85, 'Heavy', 46.55, '19:02:00', 73, '06:15:00', '2017-11-14'),
('Snow', 60, 'Heavy', 78.06, '06:34:00', 74, '06:15:00', '2017-11-14'),
('Snow', 22, 'Moderate', 64.95, '01:47:00', 75, '06:15:00', '2017-11-14'),
('Rain', 40, 'Moderate', 10.07, '12:19:00', 76, '06:15:00', '2017-11-14'),
('Snow', 0, 'Moderate', 49.50, '17:27:00', 77, '06:15:00', '2017-11-14'),
('Snow', 89, 'Moderate', 22.98, '23:03:00', 78, '06:15:00', '2017-11-14'),
('Sleet', 71, 'Heavy', 44.92, '19:44:00', 79, '06:15:00', '2017-11-14'),
('Rain', 14, 'Light', 9.61, '23:51:00', 80, '06:15:00', '2017-11-14'),
('Hail', 88, 'Moderate', 34.15, '19:37:00', 81, '06:15:00', '2017-11-14'),
('Hail', 21, 'Moderate', 96.16, '15:09:00', 82, '06:15:00', '2017-11-14'),
('Rain', 12, 'Light', 25.60, '11:05:00', 83, '06:15:00', '2017-11-14'),
('Hail', 74, 'Light', 3.16, '10:30:00', 84, '06:15:00', '2017-11-14'),
('Rain', 98, 'Moderate', 30.44, '16:08:00', 85, '06:15:00', '2017-11-14'),
('Hail', 24, 'Light', 32.60, '17:57:00', 86, '06:15:00', '2017-11-14'),
('Snow', 28, 'Moderate', 24.09, '21:18:00', 87, '06:15:00', '2017-11-14'),
('Rain', 62, 'Moderate', 33.16, '08:23:00', 88, '06:15:00', '2017-11-14'),
('Hail', 30, 'Heavy', 83.96, '06:00:00', 89, '06:15:00', '2017-11-14'),
('Rain', 14, 'Light', 94.88, '14:31:00', 90, '06:15:00', '2017-11-14'),
('Sleet', 35, 'Heavy', 66.49, '13:21:00', 91, '06:15:00', '2017-11-14'),
('Snow', 56, 'Moderate', 35.49, '15:15:00', 92, '06:15:00', '2017-11-14'),
('Sleet', 16, 'Light', 13.11, '10:17:00', 93, '06:15:00', '2017-11-14'),
('Rain', 72, 'Heavy', 68.80, '11:12:00', 94, '06:15:00', '2017-11-14'),
('Snow', 54, 'Light', 18.95, '02:00:00', 95, '06:15:00', '2017-11-14'),
('Hail', 10, 'Heavy', 11.26, '04:53:00', 96, '06:15:00', '2017-11-14'),
('Sleet', 49, 'Light', 30.60, '09:37:00', 97, '06:15:00', '2017-11-14'),
('Hail', 10, 'Moderate', 85.90, '11:18:00', 98, '06:15:00', '2017-11-14'),
('Rain', 82, 'Heavy', 21.04, '01:03:00', 99, '06:15:00', '2017-11-14');

-- --------------------------------------------------------

--
-- Table structure for table `Pressures`
--

CREATE TABLE `Pressures` (
  `Average_hPa` int(11) NOT NULL,
  `Maximum_hPa` int(11) NOT NULL,
  `Minimum_hPa` int(11) NOT NULL,
  `Humidity` decimal(5,2) NOT NULL,
  `Dew_Point` decimal(4,2) NOT NULL,
  `id_Pressure` int(11) NOT NULL,
  `fk_Time_RangeTime_from` time NOT NULL,
  `fk_Time_RangeDate` date NOT NULL
) ENGINE=InnoDB DEFAULT CHARSET=utf8 COLLATE=utf8_general_ci;

--
-- Dumping data for table `Pressures`
--

INSERT INTO `Pressures` (`Average_hPa`, `Maximum_hPa`, `Minimum_hPa`, `Humidity`, `Dew_Point`, `id_Pressure`, `fk_Time_RangeTime_from`, `fk_Time_RangeDate`) VALUES
(1048, 1042, 1041, 84.88, -12.57, 1, '06:15:00', '2017-11-14'),
(1039, 982, 982, 69.57, -7.93, 2, '06:15:00', '2017-11-14'),
(1016, 981, 983, 57.58, 6.26, 3, '06:15:00', '2017-11-14'),
(1003, 1034, 1037, 69.25, 24.82, 4, '06:15:00', '2017-11-14'),
(1044, 1000, 997, 20.43, 8.78, 5, '06:15:00', '2017-11-14'),
(1008, 995, 1044, 13.08, 3.47, 6, '06:15:00', '2017-11-14'),
(1027, 980, 1038, 55.98, -26.48, 7, '06:15:00', '2017-11-14'),
(1022, 1031, 983, 79.88, 10.41, 8, '06:15:00', '2017-11-14'),
(1025, 1018, 1007, 48.97, 18.40, 9, '06:15:00', '2017-11-14'),
(1021, 1007, 1047, 23.25, 5.36, 10, '06:15:00', '2017-11-14'),
(1022, 1034, 1043, 66.51, -6.62, 11, '06:15:00', '2017-11-14'),
(980, 1027, 998, 7.69, -12.46, 12, '06:15:00', '2017-11-14'),
(1041, 981, 1035, 14.26, -18.10, 13, '06:15:00', '2017-11-14'),
(1002, 1034, 1034, 88.50, 21.64, 14, '06:15:00', '2017-11-14'),
(994, 1044, 1042, 48.49, 5.60, 15, '06:15:00', '2017-11-14'),
(1040, 980, 985, 40.91, 4.73, 16, '06:15:00', '2017-11-14'),
(1011, 1014, 984, 29.47, -22.92, 17, '06:15:00', '2017-11-14'),
(1047, 1020, 988, 2.89, -27.43, 18, '06:15:00', '2017-11-14'),
(1029, 981, 987, 20.39, 0.68, 19, '06:15:00', '2017-11-14'),
(1038, 1038, 994, 41.04, 13.51, 20, '06:15:00', '2017-11-14'),
(986, 1024, 1049, 80.96, 15.00, 21, '06:15:00', '2017-11-14'),
(1039, 1030, 1026, 61.59, -24.86, 22, '06:15:00', '2017-11-14'),
(1041, 984, 997, 54.91, -16.76, 23, '06:15:00', '2017-11-14'),
(1001, 1000, 1009, 82.64, -18.96, 24, '06:15:00', '2017-11-14'),
(980, 1011, 1016, 81.70, 17.80, 25, '06:15:00', '2017-11-14'),
(1022, 1048, 1029, 37.20, 18.51, 26, '06:15:00', '2017-11-14'),
(1009, 1046, 994, 63.77, 22.58, 27, '06:15:00', '2017-11-14'),
(1007, 1044, 992, 71.36, 17.15, 28, '06:15:00', '2017-11-14'),
(1018, 1029, 1047, 83.49, 5.60, 29, '06:15:00', '2017-11-14'),
(1041, 1018, 1029, 55.86, 26.89, 30, '06:15:00', '2017-11-14'),
(1037, 998, 994, 75.46, 26.60, 31, '06:15:00', '2017-11-14'),
(984, 1035, 1044, 9.86, -1.82, 32, '06:15:00', '2017-11-14'),
(1012, 987, 997, 10.87, 18.72, 33, '06:15:00', '2017-11-14'),
(1008, 1038, 1005, 73.34, 19.36, 34, '06:15:00', '2017-11-14'),
(990, 1013, 993, 45.46, 18.98, 35, '06:15:00', '2017-11-14'),
(1003, 1043, 1041, 56.93, 5.52, 36, '06:15:00', '2017-11-14'),
(1020, 989, 1025, 91.69, 24.94, 37, '06:15:00', '2017-11-14'),
(1024, 1043, 1003, 16.27, -16.85, 38, '06:15:00', '2017-11-14'),
(998, 1036, 994, 10.23, 24.68, 39, '06:15:00', '2017-11-14'),
(1011, 980, 1039, 29.41, 1.21, 40, '06:15:00', '2017-11-14'),
(1008, 1038, 999, 43.11, -7.37, 41, '06:15:00', '2017-11-14'),
(1021, 982, 1041, 10.31, 3.56, 42, '06:15:00', '2017-11-14'),
(982, 991, 988, 90.28, 13.27, 43, '06:15:00', '2017-11-14'),
(997, 1048, 1023, 7.87, -2.68, 44, '06:15:00', '2017-11-14'),
(1044, 1017, 992, 81.00, -3.60, 45, '06:15:00', '2017-11-14'),
(1045, 1050, 1029, 7.48, -3.56, 46, '06:15:00', '2017-11-14'),
(1041, 996, 998, 80.56, 29.80, 47, '06:15:00', '2017-11-14'),
(1006, 1036, 1013, 4.63, -23.06, 48, '06:15:00', '2017-11-14'),
(1011, 986, 1025, 77.00, -11.06, 49, '06:15:00', '2017-11-14'),
(985, 990, 989, 78.59, 2.33, 50, '06:15:00', '2017-11-14'),
(1002, 1028, 1009, 40.96, -22.33, 51, '06:15:00', '2017-11-14'),
(1041, 1015, 1034, 24.42, 10.05, 52, '06:15:00', '2017-11-14'),
(1049, 1017, 982, 96.57, 11.06, 53, '06:15:00', '2017-11-14'),
(1029, 1002, 1020, 60.86, 3.70, 54, '06:15:00', '2017-11-14'),
(1010, 1000, 1010, 19.07, 17.92, 55, '06:15:00', '2017-11-14'),
(1020, 996, 986, 36.02, 16.34, 56, '06:15:00', '2017-11-14'),
(984, 981, 1005, 90.38, 16.15, 57, '06:15:00', '2017-11-14'),
(983, 980, 1023, 9.09, 13.17, 58, '06:15:00', '2017-11-14'),
(1007, 990, 1000, 90.26, 0.57, 59, '06:15:00', '2017-11-14'),
(999, 1009, 1044, 26.25, 24.57, 60, '06:15:00', '2017-11-14'),
(1002, 1049, 1029, 88.53, 29.78, 61, '06:15:00', '2017-11-14'),
(1008, 1027, 1041, 68.29, 8.32, 62, '06:15:00', '2017-11-14'),
(1001, 1001, 1033, 18.63, -23.60, 63, '06:15:00', '2017-11-14'),
(1036, 1005, 989, 96.66, 23.78, 64, '06:15:00', '2017-11-14'),
(980, 1030, 1042, 7.71, -6.22, 65, '06:15:00', '2017-11-14'),
(989, 1030, 1040, 64.21, 10.97, 66, '06:15:00', '2017-11-14'),
(990, 1017, 1046, 11.44, 1.15, 67, '06:15:00', '2017-11-14'),
(1036, 1037, 996, 0.24, -5.93, 68, '06:15:00', '2017-11-14'),
(987, 981, 994, 34.89, -0.58, 69, '06:15:00', '2017-11-14'),
(1038, 1018, 1015, 52.15, -29.15, 70, '06:15:00', '2017-11-14'),
(996, 984, 1002, 98.00, 4.29, 71, '06:15:00', '2017-11-14'),
(1049, 1015, 1012, 27.92, 16.40, 72, '06:15:00', '2017-11-14'),
(1028, 1044, 981, 14.50, 3.98, 73, '06:15:00', '2017-11-14'),
(1018, 1022, 1043, 0.33, 14.44, 74, '06:15:00', '2017-11-14'),
(1036, 999, 1038, 20.10, 5.64, 75, '06:15:00', '2017-11-14'),
(1049, 1011, 1024, 33.33, -1.65, 76, '06:15:00', '2017-11-14'),
(1003, 994, 1017, 66.93, -6.31, 77, '06:15:00', '2017-11-14'),
(1033, 1042, 984, 36.13, -27.84, 78, '06:15:00', '2017-11-14'),
(989, 1041, 1033, 53.49, 25.59, 79, '06:15:00', '2017-11-14'),
(1027, 1014, 993, 72.78, -1.42, 80, '06:15:00', '2017-11-14'),
(1030, 1021, 994, 43.87, 1.16, 81, '06:15:00', '2017-11-14'),
(1049, 994, 1015, 81.72, -23.21, 82, '06:15:00', '2017-11-14'),
(1004, 1011, 1044, 53.88, 4.85, 83, '06:15:00', '2017-11-14'),
(995, 1028, 992, 61.82, -13.66, 84, '06:15:00', '2017-11-14'),
(1047, 1030, 1003, 16.72, 10.32, 85, '06:15:00', '2017-11-14'),
(1026, 1045, 1014, 39.59, 2.13, 86, '06:15:00', '2017-11-14'),
(996, 1035, 997, 42.76, 19.17, 87, '06:15:00', '2017-11-14'),
(998, 985, 1018, 79.93, 27.75, 88, '06:15:00', '2017-11-14'),
(996, 982, 993, 38.93, -27.10, 89, '06:15:00', '2017-11-14'),
(1041, 1033, 982, 75.73, -17.84, 90, '06:15:00', '2017-11-14'),
(1041, 991, 981, 7.21, -27.72, 91, '06:15:00', '2017-11-14'),
(1037, 999, 1048, 49.42, 28.79, 92, '06:15:00', '2017-11-14'),
(1049, 995, 1040, 44.88, 3.58, 93, '06:15:00', '2017-11-14'),
(991, 1007, 1032, 75.15, 17.59, 94, '06:15:00', '2017-11-14'),
(1009, 994, 1016, 4.13, 22.66, 95, '06:15:00', '2017-11-14'),
(989, 988, 996, 65.16, 13.17, 96, '06:15:00', '2017-11-14'),
(993, 1034, 1042, 59.75, 9.49, 97, '06:15:00', '2017-11-14'),
(989, 1010, 1025, 48.40, -14.28, 98, '06:15:00', '2017-11-14'),
(996, 1048, 1011, 44.29, 12.27, 99, '06:15:00', '2017-11-14');

-- --------------------------------------------------------

--
-- Table structure for table `Records`
--

CREATE TABLE `Records` (
  `Date` date NOT NULL,
  `Location` varchar(255) NOT NULL,
  `Maximum_temperature` decimal(4,2) DEFAULT NULL,
  `Minimum_temperature` decimal(4,2) DEFAULT NULL,
  `Maximum_precipitation` int(11) DEFAULT NULL,
  `Maximum_wind_speed` decimal(5,2) DEFAULT NULL,
  `fk_Weather_ForecastCode` varchar(20) NOT NULL,
  `fk_Weather_ForecastDate` date NOT NULL
) ENGINE=InnoDB DEFAULT CHARSET=utf8 COLLATE=utf8_general_ci;

--
-- Dumping data for table `Records`
--

INSERT INTO `Records` (`Date`, `Location`, `Maximum_temperature`, `Minimum_temperature`, `Maximum_precipitation`, `Maximum_wind_speed`, `fk_Weather_ForecastCode`, `fk_Weather_ForecastDate`) VALUES
('1990-01-06', 'City7', -1.33, 0.91, 91, 110.35, 'FC18', '2015-06-27'),
('1990-02-06', 'City11', 33.05, 11.54, 449, 73.60, 'FC18', '2015-06-27'),
('1990-09-17', 'City31', 20.31, 1.50, 209, 5.87, 'FC18', '2015-06-27'),
('1990-10-08', 'City27', 29.72, -3.24, 200, 27.88, 'FC18', '2015-06-27'),
('1990-10-30', 'City15', -8.28, -8.46, 33, 86.16, 'FC18', '2015-06-27'),
('1990-12-25', 'City99', 17.28, 6.27, 439, 65.15, 'FC18', '2015-06-27'),
('1991-01-28', 'City26', 29.34, 22.76, 70, 81.30, 'FC18', '2015-06-27'),
('1991-03-05', 'City88', 5.42, 20.43, 475, 120.67, 'FC18', '2015-06-27'),
('1991-04-02', 'City6', 31.14, 26.10, 374, 72.07, 'FC18', '2015-06-27'),
('1991-08-16', 'City64', 7.35, 22.10, 77, 15.37, 'FC18', '2015-06-27'),
('1993-03-27', 'City88', 23.72, -13.00, 130, 148.01, 'FC18', '2015-06-27'),
('1993-07-22', 'City67', -0.25, 25.40, 312, 88.22, 'FC18', '2015-06-27'),
('1994-02-14', 'City49', 32.51, -19.55, 261, 121.57, 'FC18', '2015-06-27'),
('1994-08-23', 'City80', 19.17, -1.49, 334, 142.54, 'FC18', '2015-06-27'),
('1995-08-08', 'City45', 2.37, -8.17, 251, 2.02, 'FC18', '2015-06-27'),
('1996-01-27', 'City89', 11.52, 17.73, 39, 1.89, 'FC18', '2015-06-27'),
('1996-03-16', 'City57', -8.41, 4.51, 407, 11.66, 'FC18', '2015-06-27'),
('1996-05-23', 'City5', 39.92, -17.65, 360, 114.12, 'FC18', '2015-06-27'),
('1996-06-22', 'City21', -0.61, -12.10, 461, 19.23, 'FC18', '2015-06-27'),
('1996-06-28', 'City8', -2.70, -14.28, 227, 98.24, 'FC18', '2015-06-27'),
('1997-01-21', 'City34', 3.71, -13.61, 439, 60.21, 'FC18', '2015-06-27'),
('1997-12-04', 'City88', 16.59, 9.34, 346, 66.93, 'FC18', '2015-06-27'),
('1998-02-10', 'City7', -7.03, 24.41, 182, 102.00, 'FC18', '2015-06-27'),
('1998-07-29', 'City7', -3.33, 9.38, 390, 84.93, 'FC18', '2015-06-27'),
('1999-02-09', 'City20', 40.72, -0.75, 33, 108.20, 'FC18', '2015-06-27'),
('1999-07-12', 'City43', 35.41, 14.91, 460, 149.53, 'FC18', '2015-06-27'),
('2000-06-23', 'City75', 11.73, -9.64, 112, 84.11, 'FC18', '2015-06-27'),
('2000-11-20', 'City81', 19.25, 15.53, 153, 30.42, 'FC18', '2015-06-27'),
('2001-01-09', 'City4', 3.36, 1.31, 426, 43.83, 'FC18', '2015-06-27'),
('2001-05-09', 'City66', 27.39, 29.60, 363, 127.81, 'FC18', '2015-06-27'),
('2001-09-18', 'City18', 7.80, -7.36, 19, 116.69, 'FC18', '2015-06-27'),
('2001-10-07', 'City58', 37.38, -13.09, 295, 103.13, 'FC18', '2015-06-27'),
('2002-08-21', 'City67', 14.15, -18.84, 200, 24.41, 'FC18', '2015-06-27'),
('2002-12-25', 'City98', 1.73, 6.89, 158, 24.29, 'FC18', '2015-06-27'),
('2003-04-26', 'City97', 34.13, 29.28, 382, 58.81, 'FC18', '2015-06-27'),
('2003-05-01', 'City3', 16.95, 15.84, 169, 100.93, 'FC18', '2015-06-27'),
('2003-07-26', 'City18', -2.94, 11.13, 497, 53.72, 'FC18', '2015-06-27'),
('2003-12-01', 'City20', 21.05, -7.89, 391, 26.32, 'FC18', '2015-06-27'),
('2003-12-28', 'City93', 5.43, 4.89, 184, 53.95, 'FC18', '2015-06-27'),
('2004-04-15', 'City44', 20.44, 4.64, 121, 125.85, 'FC18', '2015-06-27'),
('2004-10-14', 'City18', 6.56, 7.69, 25, 121.40, 'FC18', '2015-06-27'),
('2004-12-31', 'City75', 31.76, -17.07, 203, 83.70, 'FC18', '2015-06-27'),
('2005-02-13', 'City88', 41.93, 21.37, 284, 2.22, 'FC18', '2015-06-27'),
('2005-04-09', 'City6', -3.79, 13.33, 258, 130.52, 'FC18', '2015-06-27'),
('2005-07-28', 'City27', 20.76, -5.93, 81, 104.63, 'FC18', '2015-06-27'),
('2005-10-05', 'City12', -9.46, 7.97, 233, 58.34, 'FC18', '2015-06-27'),
('2006-01-14', 'City58', -5.94, 11.81, 157, 149.93, 'FC18', '2015-06-27'),
('2006-01-27', 'City83', 31.86, 2.34, 230, 59.71, 'FC18', '2015-06-27'),
('2007-01-30', 'City85', 30.60, 3.03, 235, 111.79, 'FC18', '2015-06-27'),
('2007-03-28', 'City52', 26.65, 28.18, 12, 45.16, 'FC18', '2015-06-27'),
('2007-05-25', 'City73', 23.93, -5.02, 151, 99.01, 'FC18', '2015-06-27'),
('2007-09-04', 'City82', -7.76, -19.48, 267, 95.88, 'FC18', '2015-06-27'),
('2007-12-31', 'City96', 20.75, -7.64, 15, 31.63, 'FC18', '2015-06-27'),
('2008-12-22', 'City93', 24.83, 5.34, 6, 134.03, 'FC18', '2015-06-27'),
('2009-01-29', 'City26', 10.23, 12.82, 433, 81.69, 'FC18', '2015-06-27'),
('2009-06-15', 'City70', 39.23, 7.48, 177, 91.71, 'FC18', '2015-06-27'),
('2009-09-18', 'City24', 12.01, 18.98, 384, 16.30, 'FC18', '2015-06-27'),
('2009-11-13', 'City59', 29.65, -4.58, 27, 129.15, 'FC18', '2015-06-27'),
('2010-06-02', 'City7', 39.61, 14.71, 414, 25.66, 'FC18', '2015-06-27'),
('2010-09-17', 'City5', 18.36, 16.98, 304, 37.51, 'FC18', '2015-06-27'),
('2010-11-02', 'City54', 36.62, -10.20, 187, 72.80, 'FC18', '2015-06-27'),
('2010-11-21', 'City45', 39.91, 21.70, 430, 19.46, 'FC18', '2015-06-27'),
('2011-07-11', 'City7', 7.96, 23.33, 84, 122.39, 'FC18', '2015-06-27'),
('2012-11-15', 'City13', 30.66, -15.48, 169, 48.63, 'FC18', '2015-06-27'),
('2013-02-25', 'City86', 39.75, -3.40, 404, 96.17, 'FC18', '2015-06-27'),
('2013-03-11', 'City73', 15.91, 28.83, 133, 83.82, 'FC18', '2015-06-27'),
('2013-07-02', 'City23', -6.25, -3.33, 303, 121.11, 'FC18', '2015-06-27'),
('2013-08-26', 'City73', 33.26, -13.86, 350, 138.97, 'FC18', '2015-06-27'),
('2014-07-20', 'City6', 44.39, 18.35, 173, 42.80, 'FC18', '2015-06-27'),
('2014-08-26', 'City15', 17.26, 18.58, 423, 83.46, 'FC18', '2015-06-27'),
('2014-10-26', 'City1', 2.94, -3.50, 498, 91.08, 'FC18', '2015-06-27'),
('2015-02-13', 'City3', 18.20, 23.71, 298, 106.74, 'FC18', '2015-06-27'),
('2015-07-17', 'City46', 15.75, 25.91, 190, 116.82, 'FC18', '2015-06-27'),
('2015-08-09', 'City57', -4.29, 18.42, 5, 37.63, 'FC18', '2015-06-27'),
('2015-11-10', 'City68', 37.26, -8.90, 252, 73.81, 'FC18', '2015-06-27'),
('2016-08-26', 'City15', 20.01, 1.62, 68, 30.77, 'FC18', '2015-06-27'),
('2017-05-23', 'City53', 5.71, -5.29, 233, 28.71, 'FC18', '2015-06-27'),
('2017-06-11', 'City35', 4.48, 14.50, 418, 49.90, 'FC18', '2015-06-27'),
('2017-10-11', 'City60', 34.36, 8.04, 264, 115.62, 'FC18', '2015-06-27'),
('2017-11-16', 'City8', 3.40, 2.10, 122, 146.22, 'FC18', '2015-06-27'),
('2018-06-24', 'City91', 29.85, 5.99, 300, 44.01, 'FC18', '2015-06-27'),
('2018-12-13', 'City70', 13.27, -1.32, 162, 92.31, 'FC18', '2015-06-27'),
('2019-09-13', 'City35', 26.05, 22.91, 106, 82.90, 'FC18', '2015-06-27'),
('2019-10-09', 'City99', 40.44, -5.65, 411, 104.64, 'FC18', '2015-06-27'),
('2020-01-20', 'City14', 29.90, 20.09, 301, 57.15, 'FC18', '2015-06-27'),
('2020-09-13', 'City70', -4.01, -1.65, 268, 111.96, 'FC18', '2015-06-27'),
('2021-03-16', 'City36', 25.50, -18.18, 437, 100.50, 'FC18', '2015-06-27'),
('2021-06-05', 'City41', 20.24, 22.93, 78, 36.70, 'FC18', '2015-06-27'),
('2021-10-13', 'City36', 9.82, 0.59, 78, 115.38, 'FC18', '2015-06-27'),
('2022-04-03', 'City40', 42.55, 12.91, 314, 49.17, 'FC18', '2015-06-27'),
('2022-04-07', 'City98', 27.70, -14.99, 283, 6.69, 'FC18', '2015-06-27'),
('2022-04-22', 'City81', 6.77, -14.17, 23, 64.35, 'FC18', '2015-06-27'),
('2022-05-17', 'City5', 20.34, 7.41, 185, 121.74, 'FC18', '2015-06-27'),
('2022-07-28', 'City57', 1.80, 28.90, 243, 38.04, 'FC18', '2015-06-27'),
('2022-11-05', 'City71', 27.93, 23.39, 116, 83.02, 'FC18', '2015-06-27'),
('2023-01-08', 'City64', 7.74, 15.73, 145, 38.45, 'FC18', '2015-06-27'),
('2023-02-23', 'City94', 5.72, 6.70, 81, 28.07, 'FC18', '2015-06-27'),
('2023-08-09', 'City63', -1.01, 11.26, 468, 109.34, 'FC18', '2015-06-27'),
('2023-08-24', 'City64', 42.86, -2.35, 9, 135.35, 'FC18', '2015-06-27'),
('2024-07-07', 'City53', 40.14, 7.18, 425, 64.72, 'FC18', '2015-06-27');

-- --------------------------------------------------------

--
-- Table structure for table `Sunlight`
--

CREATE TABLE `Sunlight` (
  `Sunrise` time NOT NULL,
  `Sunset` time NOT NULL,
  `Daylight_duration` time NOT NULL,
  `UV_index_value` int(11) NOT NULL,
  `UV_radiation_intensity` int(11) NOT NULL,
  `id_Sunlight` int(11) NOT NULL,
  `fk_Weather_ForecastCode` varchar(20) NOT NULL,
  `fk_Weather_ForecastDate` date NOT NULL
) ENGINE=InnoDB DEFAULT CHARSET=utf8 COLLATE=utf8_general_ci;

--
-- Dumping data for table `Sunlight`
--

INSERT INTO `Sunlight` (`Sunrise`, `Sunset`, `Daylight_duration`, `UV_index_value`, `UV_radiation_intensity`, `id_Sunlight`, `fk_Weather_ForecastCode`, `fk_Weather_ForecastDate`) VALUES
('01:35:00', '13:18:00', '05:06:00', 6, 479, 1, 'FC18', '2015-06-27'),
('11:36:00', '15:56:00', '00:15:00', 4, 878, 2, 'FC18', '2015-06-27'),
('19:49:00', '07:21:00', '22:24:00', 1, 1435, 3, 'FC18', '2015-06-27'),
('09:46:00', '19:24:00', '12:57:00', 10, 388, 4, 'FC18', '2015-06-27'),
('19:29:00', '13:14:00', '08:04:00', 4, 1902, 5, 'FC18', '2015-06-27'),
('23:24:00', '19:35:00', '08:23:00', 9, 1563, 6, 'FC18', '2015-06-27'),
('08:12:00', '02:23:00', '03:44:00', 8, 414, 7, 'FC18', '2015-06-27'),
('22:05:00', '23:39:00', '22:04:00', 2, 1220, 8, 'FC18', '2015-06-27'),
('04:40:00', '16:37:00', '18:45:00', 4, 1140, 9, 'FC18', '2015-06-27'),
('12:37:00', '04:14:00', '13:18:00', 0, 278, 10, 'FC18', '2015-06-27'),
('08:41:00', '16:11:00', '05:15:00', 2, 1104, 11, 'FC18', '2015-06-27'),
('01:50:00', '07:29:00', '19:00:00', 0, 916, 12, 'FC18', '2015-06-27'),
('01:13:00', '05:25:00', '00:15:00', 3, 872, 13, 'FC18', '2015-06-27'),
('20:24:00', '05:59:00', '00:42:00', 8, 134, 14, 'FC18', '2015-06-27'),
('02:26:00', '01:57:00', '06:48:00', 10, 49, 15, 'FC18', '2015-06-27'),
('04:50:00', '13:11:00', '17:51:00', 3, 803, 16, 'FC18', '2015-06-27'),
('01:56:00', '09:31:00', '05:50:00', 9, 1106, 17, 'FC18', '2015-06-27'),
('10:44:00', '09:44:00', '16:39:00', 4, 937, 18, 'FC18', '2015-06-27'),
('00:55:00', '06:10:00', '08:37:00', 1, 1286, 19, 'FC18', '2015-06-27'),
('16:37:00', '20:32:00', '11:45:00', 7, 990, 20, 'FC18', '2015-06-27'),
('09:16:00', '04:03:00', '23:46:00', 5, 579, 21, 'FC18', '2015-06-27'),
('01:18:00', '08:35:00', '14:20:00', 8, 1998, 22, 'FC18', '2015-06-27'),
('10:01:00', '22:16:00', '15:50:00', 3, 1884, 23, 'FC18', '2015-06-27'),
('19:06:00', '06:21:00', '16:55:00', 6, 1010, 24, 'FC18', '2015-06-27'),
('21:21:00', '18:59:00', '06:29:00', 6, 1888, 25, 'FC18', '2015-06-27'),
('12:05:00', '19:12:00', '19:28:00', 4, 139, 26, 'FC18', '2015-06-27'),
('04:02:00', '04:13:00', '09:16:00', 7, 744, 27, 'FC18', '2015-06-27'),
('02:14:00', '13:28:00', '00:37:00', 3, 1728, 28, 'FC18', '2015-06-27'),
('01:23:00', '17:06:00', '00:10:00', 5, 1839, 29, 'FC18', '2015-06-27'),
('03:22:00', '08:04:00', '20:50:00', 8, 1764, 30, 'FC18', '2015-06-27'),
('10:38:00', '00:33:00', '23:14:00', 8, 1893, 31, 'FC18', '2015-06-27'),
('04:45:00', '15:02:00', '06:43:00', 9, 1811, 32, 'FC18', '2015-06-27'),
('06:52:00', '12:00:00', '05:44:00', 4, 147, 33, 'FC18', '2015-06-27'),
('04:46:00', '13:24:00', '13:09:00', 2, 1291, 34, 'FC18', '2015-06-27'),
('04:23:00', '02:13:00', '14:26:00', 2, 54, 35, 'FC18', '2015-06-27'),
('08:08:00', '00:19:00', '13:06:00', 11, 1511, 36, 'FC18', '2015-06-27'),
('12:08:00', '17:10:00', '15:10:00', 3, 203, 37, 'FC18', '2015-06-27'),
('18:57:00', '23:55:00', '19:28:00', 0, 844, 38, 'FC18', '2015-06-27'),
('20:12:00', '16:06:00', '02:48:00', 10, 1977, 39, 'FC18', '2015-06-27'),
('21:20:00', '15:31:00', '11:03:00', 4, 1253, 40, 'FC18', '2015-06-27'),
('20:06:00', '06:39:00', '00:43:00', 5, 1573, 41, 'FC18', '2015-06-27'),
('13:52:00', '02:01:00', '13:37:00', 10, 1319, 42, 'FC18', '2015-06-27'),
('02:12:00', '12:34:00', '07:26:00', 1, 75, 43, 'FC18', '2015-06-27'),
('23:48:00', '19:17:00', '19:41:00', 2, 212, 44, 'FC18', '2015-06-27'),
('05:09:00', '23:51:00', '16:50:00', 7, 1449, 45, 'FC18', '2015-06-27'),
('07:58:00', '06:36:00', '06:43:00', 11, 1929, 46, 'FC18', '2015-06-27'),
('20:22:00', '22:56:00', '09:06:00', 0, 1824, 47, 'FC18', '2015-06-27'),
('13:55:00', '19:39:00', '04:24:00', 8, 1457, 48, 'FC18', '2015-06-27'),
('06:10:00', '14:21:00', '15:10:00', 11, 868, 49, 'FC18', '2015-06-27'),
('20:20:00', '04:25:00', '13:07:00', 6, 93, 50, 'FC18', '2015-06-27'),
('17:02:00', '02:42:00', '11:41:00', 2, 808, 51, 'FC18', '2015-06-27'),
('03:14:00', '17:20:00', '16:18:00', 1, 645, 52, 'FC18', '2015-06-27'),
('06:56:00', '14:39:00', '22:45:00', 4, 1199, 53, 'FC18', '2015-06-27'),
('04:01:00', '05:50:00', '02:13:00', 3, 160, 54, 'FC18', '2015-06-27'),
('09:17:00', '23:03:00', '23:09:00', 1, 852, 55, 'FC18', '2015-06-27'),
('17:35:00', '10:48:00', '23:15:00', 11, 1840, 56, 'FC18', '2015-06-27'),
('08:55:00', '16:40:00', '16:46:00', 9, 1807, 57, 'FC18', '2015-06-27'),
('19:39:00', '17:17:00', '13:36:00', 0, 1214, 58, 'FC18', '2015-06-27'),
('06:38:00', '02:24:00', '01:17:00', 5, 471, 59, 'FC18', '2015-06-27'),
('15:05:00', '17:44:00', '09:18:00', 1, 830, 60, 'FC18', '2015-06-27'),
('22:33:00', '07:45:00', '00:10:00', 6, 869, 61, 'FC18', '2015-06-27'),
('09:27:00', '10:28:00', '02:43:00', 5, 1473, 62, 'FC18', '2015-06-27'),
('22:03:00', '18:45:00', '19:36:00', 3, 1230, 63, 'FC18', '2015-06-27'),
('06:22:00', '05:41:00', '02:55:00', 9, 509, 64, 'FC18', '2015-06-27'),
('12:37:00', '04:29:00', '06:44:00', 7, 1478, 65, 'FC18', '2015-06-27'),
('10:55:00', '13:04:00', '00:38:00', 7, 1741, 66, 'FC18', '2015-06-27'),
('17:33:00', '08:12:00', '05:12:00', 0, 1791, 67, 'FC18', '2015-06-27'),
('09:30:00', '11:45:00', '12:00:00', 3, 1827, 68, 'FC18', '2015-06-27'),
('12:24:00', '10:26:00', '14:44:00', 10, 28, 69, 'FC18', '2015-06-27'),
('10:04:00', '20:28:00', '14:03:00', 0, 866, 70, 'FC18', '2015-06-27'),
('07:43:00', '16:50:00', '02:01:00', 9, 1001, 71, 'FC18', '2015-06-27'),
('05:52:00', '13:57:00', '00:44:00', 5, 787, 72, 'FC18', '2015-06-27'),
('13:39:00', '08:03:00', '01:50:00', 3, 1868, 73, 'FC18', '2015-06-27'),
('02:14:00', '13:23:00', '00:02:00', 7, 1685, 74, 'FC18', '2015-06-27'),
('18:46:00', '18:09:00', '02:01:00', 9, 1949, 75, 'FC18', '2015-06-27'),
('04:12:00', '08:26:00', '07:22:00', 3, 1349, 76, 'FC18', '2015-06-27'),
('06:23:00', '23:16:00', '02:06:00', 1, 1558, 77, 'FC18', '2015-06-27'),
('16:50:00', '08:24:00', '21:55:00', 11, 1925, 78, 'FC18', '2015-06-27'),
('03:37:00', '02:17:00', '19:48:00', 6, 1571, 79, 'FC18', '2015-06-27'),
('22:02:00', '05:32:00', '20:02:00', 3, 1569, 80, 'FC18', '2015-06-27'),
('17:05:00', '03:05:00', '19:16:00', 0, 1843, 81, 'FC18', '2015-06-27'),
('09:56:00', '03:49:00', '19:13:00', 3, 845, 82, 'FC18', '2015-06-27'),
('16:00:00', '15:04:00', '11:23:00', 2, 1255, 83, 'FC18', '2015-06-27'),
('19:33:00', '09:37:00', '23:20:00', 4, 415, 84, 'FC18', '2015-06-27'),
('19:40:00', '01:27:00', '14:42:00', 2, 1258, 85, 'FC18', '2015-06-27'),
('16:59:00', '00:36:00', '15:10:00', 9, 1952, 86, 'FC18', '2015-06-27'),
('22:52:00', '17:54:00', '12:01:00', 11, 415, 87, 'FC18', '2015-06-27'),
('18:57:00', '04:25:00', '20:50:00', 10, 1446, 88, 'FC18', '2015-06-27'),
('03:59:00', '09:45:00', '17:41:00', 6, 286, 89, 'FC18', '2015-06-27'),
('19:15:00', '12:34:00', '22:47:00', 8, 1268, 90, 'FC18', '2015-06-27'),
('12:51:00', '23:29:00', '10:33:00', 3, 604, 91, 'FC18', '2015-06-27'),
('08:19:00', '16:21:00', '11:44:00', 6, 778, 92, 'FC18', '2015-06-27'),
('06:50:00', '13:10:00', '05:26:00', 1, 1118, 93, 'FC18', '2015-06-27'),
('11:10:00', '22:10:00', '05:38:00', 6, 137, 94, 'FC18', '2015-06-27'),
('05:45:00', '18:27:00', '00:22:00', 11, 68, 95, 'FC18', '2015-06-27'),
('03:26:00', '16:32:00', '14:26:00', 5, 892, 96, 'FC18', '2015-06-27'),
('02:50:00', '07:46:00', '17:33:00', 2, 854, 97, 'FC18', '2015-06-27'),
('21:35:00', '14:34:00', '18:30:00', 4, 1224, 98, 'FC18', '2015-06-27'),
('06:39:00', '00:46:00', '09:28:00', 9, 636, 99, 'FC18', '2015-06-27');

-- --------------------------------------------------------

--
-- Table structure for table `Temperatures`
--

CREATE TABLE `Temperatures` (
  `Maximum` decimal(4,2) NOT NULL,
  `Minimum` decimal(4,2) NOT NULL,
  `Average` decimal(4,2) NOT NULL,
  `Feels_like` decimal(4,2) NOT NULL,
  `Fluctuations` tinyint(1) NOT NULL,
  `id_Temperature` int(11) NOT NULL,
  `fk_Time_RangeTime_from` time NOT NULL,
  `fk_Time_RangeDate` date NOT NULL
) ENGINE=InnoDB DEFAULT CHARSET=utf8 COLLATE=utf8_general_ci;

--
-- Dumping data for table `Temperatures`
--

INSERT INTO `Temperatures` (`Maximum`, `Minimum`, `Average`, `Feels_like`, `Fluctuations`, `id_Temperature`, `fk_Time_RangeTime_from`, `fk_Time_RangeDate`) VALUES
(40.76, 7.14, -6.30, 0.09, 1, 1, '06:15:00', '2017-11-14'),
(2.69, -19.45, 15.39, 8.82, 0, 2, '06:15:00', '2017-11-14'),
(-6.38, -7.81, 8.48, 17.15, 0, 3, '06:15:00', '2017-11-14'),
(-11.00, -12.51, 10.17, 29.00, 0, 4, '06:15:00', '2017-11-14'),
(4.75, 38.27, 28.72, 5.07, 1, 5, '06:15:00', '2017-11-14'),
(16.90, 7.95, 43.48, 41.38, 1, 6, '06:15:00', '2017-11-14'),
(45.37, -6.94, 25.74, 26.97, 1, 7, '06:15:00', '2017-11-14'),
(2.24, 4.54, 43.36, 21.11, 1, 8, '06:15:00', '2017-11-14'),
(11.55, 32.57, -6.69, 11.97, 1, 9, '06:15:00', '2017-11-14'),
(45.87, 15.20, 39.85, 19.78, 1, 10, '06:15:00', '2017-11-14'),
(44.76, 28.58, 7.93, 16.75, 1, 11, '06:15:00', '2017-11-14'),
(-19.63, 20.59, 41.44, 10.17, 1, 12, '06:15:00', '2017-11-14'),
(45.27, -16.88, 27.71, 42.70, 1, 13, '06:15:00', '2017-11-14'),
(47.80, 34.44, 40.80, -4.54, 0, 14, '06:15:00', '2017-11-14'),
(27.26, -18.35, 20.87, 2.57, 1, 15, '06:15:00', '2017-11-14'),
(-0.60, 38.30, -0.88, -14.09, 1, 16, '06:15:00', '2017-11-14'),
(37.86, 45.71, 34.72, 13.66, 1, 17, '06:15:00', '2017-11-14'),
(10.64, 3.18, -6.92, 5.76, 1, 18, '06:15:00', '2017-11-14'),
(-4.52, -9.02, 5.72, 23.71, 0, 19, '06:15:00', '2017-11-14'),
(29.48, 10.71, 8.31, 24.54, 0, 20, '06:15:00', '2017-11-14'),
(12.13, -12.51, 46.70, 22.89, 0, 21, '06:15:00', '2017-11-14'),
(-12.07, -7.13, 9.39, 34.01, 0, 22, '06:15:00', '2017-11-14'),
(11.58, -2.49, 19.82, 19.35, 1, 23, '06:15:00', '2017-11-14'),
(42.90, 7.57, 47.98, 40.20, 1, 24, '06:15:00', '2017-11-14'),
(-4.61, 27.84, 38.34, 25.72, 0, 25, '06:15:00', '2017-11-14'),
(-10.77, -15.46, -4.85, 6.39, 1, 26, '06:15:00', '2017-11-14'),
(8.49, 4.74, 10.74, -11.65, 0, 27, '06:15:00', '2017-11-14'),
(45.25, -13.10, 42.80, -8.75, 0, 28, '06:15:00', '2017-11-14'),
(5.67, 21.67, 19.88, 11.22, 0, 29, '06:15:00', '2017-11-14'),
(5.65, -10.85, 24.54, 10.27, 0, 30, '06:15:00', '2017-11-14'),
(35.69, -14.45, 42.57, 16.38, 0, 31, '06:15:00', '2017-11-14'),
(18.21, 15.81, 28.56, -1.62, 1, 32, '06:15:00', '2017-11-14'),
(8.46, 46.36, 9.69, 21.91, 0, 33, '06:15:00', '2017-11-14'),
(-8.64, 19.76, 44.97, 25.42, 0, 34, '06:15:00', '2017-11-14'),
(15.28, 35.41, 27.31, 34.44, 0, 35, '06:15:00', '2017-11-14'),
(2.14, -8.00, 41.46, 42.26, 1, 36, '06:15:00', '2017-11-14'),
(15.00, 7.13, -1.00, 23.90, 0, 37, '06:15:00', '2017-11-14'),
(46.22, 7.46, 14.99, 11.30, 0, 38, '06:15:00', '2017-11-14'),
(15.79, -1.97, -4.99, 21.36, 0, 39, '06:15:00', '2017-11-14'),
(28.19, -16.32, 37.40, -16.99, 1, 40, '06:15:00', '2017-11-14'),
(36.94, -5.12, 46.77, -3.21, 1, 41, '06:15:00', '2017-11-14'),
(43.29, 9.46, -4.43, 13.59, 1, 42, '06:15:00', '2017-11-14'),
(48.12, 3.76, -15.13, -15.43, 0, 43, '06:15:00', '2017-11-14'),
(31.75, -8.27, 33.99, 6.84, 0, 44, '06:15:00', '2017-11-14'),
(30.17, 18.07, 44.53, 17.56, 1, 45, '06:15:00', '2017-11-14'),
(-17.98, 48.69, 42.14, -16.54, 1, 46, '06:15:00', '2017-11-14'),
(7.69, 23.96, 11.72, 8.99, 0, 47, '06:15:00', '2017-11-14'),
(17.81, 3.86, -7.14, 7.04, 0, 48, '06:15:00', '2017-11-14'),
(22.18, -19.14, 1.29, -7.27, 0, 49, '06:15:00', '2017-11-14'),
(-6.54, 24.73, -5.42, 27.94, 0, 50, '06:15:00', '2017-11-14'),
(-17.64, 15.26, 34.97, -19.62, 0, 51, '06:15:00', '2017-11-14'),
(16.69, 15.16, 37.53, 30.49, 1, 52, '06:15:00', '2017-11-14'),
(25.04, -17.96, -19.37, 11.85, 0, 53, '06:15:00', '2017-11-14'),
(18.95, -16.66, 36.40, -8.47, 0, 54, '06:15:00', '2017-11-14'),
(11.73, 29.21, 36.02, 4.33, 1, 55, '06:15:00', '2017-11-14'),
(36.84, 0.90, 47.07, 27.73, 0, 56, '06:15:00', '2017-11-14'),
(42.78, 40.76, 45.57, 47.71, 0, 57, '06:15:00', '2017-11-14'),
(-4.44, -3.66, -8.24, -12.15, 1, 58, '06:15:00', '2017-11-14'),
(30.00, 4.64, -17.60, 40.88, 0, 59, '06:15:00', '2017-11-14'),
(22.69, -13.01, 26.00, -2.09, 0, 60, '06:15:00', '2017-11-14'),
(4.38, 24.04, 33.44, 41.76, 1, 61, '06:15:00', '2017-11-14'),
(45.97, -4.54, 24.61, -9.01, 0, 62, '06:15:00', '2017-11-14'),
(28.04, -12.27, -15.35, -9.93, 1, 63, '06:15:00', '2017-11-14'),
(-13.88, 35.79, 6.43, -12.12, 1, 64, '06:15:00', '2017-11-14'),
(20.07, 32.57, 48.74, 10.40, 0, 65, '06:15:00', '2017-11-14'),
(-17.77, 46.82, -1.86, 31.53, 0, 66, '06:15:00', '2017-11-14'),
(37.19, 45.01, -15.29, 18.59, 0, 67, '06:15:00', '2017-11-14'),
(17.10, 40.80, 0.61, 48.15, 1, 68, '06:15:00', '2017-11-14'),
(1.30, 36.38, 32.51, 32.82, 1, 69, '06:15:00', '2017-11-14'),
(-2.40, 22.17, -12.23, 15.89, 0, 70, '06:15:00', '2017-11-14'),
(42.02, 40.52, 29.87, -2.68, 0, 71, '06:15:00', '2017-11-14'),
(12.91, 44.99, 39.16, -8.50, 1, 72, '06:15:00', '2017-11-14'),
(45.23, -19.02, -15.21, 26.83, 0, 73, '06:15:00', '2017-11-14'),
(38.16, 41.80, 32.28, -7.65, 1, 74, '06:15:00', '2017-11-14'),
(1.67, 45.04, 49.14, 10.95, 0, 75, '06:15:00', '2017-11-14'),
(-6.13, 42.18, 17.87, -10.93, 1, 76, '06:15:00', '2017-11-14'),
(5.66, 49.05, 43.18, -8.76, 0, 77, '06:15:00', '2017-11-14'),
(3.45, 37.67, -8.01, 14.05, 0, 78, '06:15:00', '2017-11-14'),
(2.15, 44.60, 5.29, -12.24, 1, 79, '06:15:00', '2017-11-14'),
(33.84, 24.03, 5.78, 49.04, 0, 80, '06:15:00', '2017-11-14'),
(23.90, -0.13, 9.71, 4.45, 1, 81, '06:15:00', '2017-11-14'),
(-6.33, 36.80, -18.12, 36.24, 1, 82, '06:15:00', '2017-11-14'),
(17.76, -5.45, 41.44, -15.98, 0, 83, '06:15:00', '2017-11-14'),
(24.12, 19.35, 40.65, 29.40, 1, 84, '06:15:00', '2017-11-14'),
(-2.73, -5.05, -13.95, -13.28, 1, 85, '06:15:00', '2017-11-14'),
(27.11, 7.74, 5.66, 12.65, 1, 86, '06:15:00', '2017-11-14'),
(1.77, 17.08, -17.63, 12.59, 1, 87, '06:15:00', '2017-11-14'),
(38.30, 49.50, 25.98, 38.79, 0, 88, '06:15:00', '2017-11-14'),
(20.13, 35.95, 14.65, 49.84, 0, 89, '06:15:00', '2017-11-14'),
(21.10, 42.61, -1.47, 46.08, 0, 90, '06:15:00', '2017-11-14'),
(8.09, -2.95, -18.88, 44.09, 1, 91, '06:15:00', '2017-11-14'),
(47.73, 23.05, 7.30, 19.95, 0, 92, '06:15:00', '2017-11-14'),
(8.52, 46.38, -19.62, 29.17, 1, 93, '06:15:00', '2017-11-14'),
(9.89, 15.41, 15.85, 27.07, 1, 94, '06:15:00', '2017-11-14'),
(29.76, -19.23, -15.98, 30.92, 0, 95, '06:15:00', '2017-11-14'),
(19.46, 35.15, 20.07, 0.29, 1, 96, '06:15:00', '2017-11-14'),
(-18.36, 23.98, -11.37, -7.46, 0, 97, '06:15:00', '2017-11-14'),
(14.84, 2.16, 13.69, 7.79, 0, 98, '06:15:00', '2017-11-14'),
(44.60, -19.04, -2.11, 36.26, 1, 99, '06:15:00', '2017-11-14');

-- --------------------------------------------------------

--
-- Table structure for table `Time_Ranges`
--

CREATE TABLE `Time_Ranges` (
  `Date` date NOT NULL,
  `Time_from` time NOT NULL,
  `Time_to` time NOT NULL,
  `fk_Weather_ForecastCode` varchar(20) NOT NULL,
  `fk_Weather_ForecastDate` date NOT NULL
) ENGINE=InnoDB DEFAULT CHARSET=utf8 COLLATE=utf8_general_ci;

--
-- Dumping data for table `Time_Ranges`
--

INSERT INTO `Time_Ranges` (`Date`, `Time_from`, `Time_to`, `fk_Weather_ForecastCode`, `fk_Weather_ForecastDate`) VALUES
('2011-04-27', '00:17:00', '15:28:00', 'FC18', '2015-06-27'),
('1995-02-16', '00:21:00', '06:27:00', 'FC18', '2015-06-27'),
('2002-12-05', '00:34:00', '08:40:00', 'FC18', '2015-06-27'),
('1999-03-25', '00:39:00', '13:56:00', 'FC18', '2015-06-27'),
('2018-03-19', '01:06:00', '10:53:00', 'FC18', '2015-06-27'),
('1991-02-07', '01:12:00', '06:10:00', 'FC18', '2015-06-27'),
('2006-02-20', '01:25:00', '23:57:00', 'FC18', '2015-06-27'),
('2010-01-16', '01:48:00', '09:38:00', 'FC18', '2015-06-27'),
('1996-07-14', '01:54:00', '14:02:00', 'FC18', '2015-06-27'),
('1996-08-27', '01:56:00', '15:02:00', 'FC18', '2015-06-27'),
('2002-04-27', '01:56:00', '10:53:00', 'FC18', '2015-06-27'),
('2021-05-27', '02:00:00', '19:25:00', 'FC18', '2015-06-27'),
('2023-12-02', '02:00:00', '23:19:00', 'FC18', '2015-06-27'),
('2019-10-04', '02:06:00', '13:17:00', 'FC18', '2015-06-27'),
('2016-11-12', '02:16:00', '22:05:00', 'FC18', '2015-06-27'),
('2005-09-19', '02:19:00', '23:22:00', 'FC18', '2015-06-27'),
('2020-02-01', '02:22:00', '12:58:00', 'FC18', '2015-06-27'),
('2009-04-07', '02:26:00', '14:47:00', 'FC18', '2015-06-27'),
('2011-11-02', '03:10:00', '04:12:00', 'FC18', '2015-06-27'),
('2018-12-30', '03:33:00', '13:02:00', 'FC18', '2015-06-27'),
('2008-08-09', '03:39:00', '01:59:00', 'FC18', '2015-06-27'),
('2015-10-16', '03:41:00', '23:56:00', 'FC18', '2015-06-27'),
('2017-07-15', '03:47:00', '21:22:00', 'FC18', '2015-06-27'),
('2014-04-12', '04:02:00', '03:03:00', 'FC18', '2015-06-27'),
('2006-03-30', '04:03:00', '02:18:00', 'FC18', '2015-06-27'),
('2005-01-19', '05:21:00', '19:54:00', 'FC18', '2015-06-27'),
('2003-06-30', '05:53:00', '08:48:00', 'FC18', '2015-06-27'),
('1999-04-06', '06:01:00', '10:31:00', 'FC18', '2015-06-27'),
('2009-06-13', '06:02:00', '04:37:00', 'FC18', '2015-06-27'),
('1991-06-14', '06:12:00', '06:22:00', 'FC18', '2015-06-27'),
('1992-11-15', '06:12:00', '18:40:00', 'FC18', '2015-06-27'),
('1995-01-27', '06:14:00', '20:41:00', 'FC18', '2015-06-27'),
('1999-05-18', '06:15:00', '03:31:00', 'FC18', '2015-06-27'),
('2017-11-14', '06:15:00', '19:15:00', 'FC18', '2015-06-27'),
('1992-05-19', '06:56:00', '07:07:00', 'FC18', '2015-06-27'),
('2020-03-17', '07:03:00', '13:36:00', 'FC18', '2015-06-27'),
('1991-09-03', '07:15:00', '07:19:00', 'FC18', '2015-06-27'),
('2016-11-21', '07:19:00', '12:20:00', 'FC18', '2015-06-27'),
('2007-01-14', '07:25:00', '05:25:00', 'FC18', '2015-06-27'),
('2003-07-07', '07:41:00', '01:08:00', 'FC18', '2015-06-27'),
('2007-09-06', '08:03:00', '14:00:00', 'FC18', '2015-06-27'),
('1995-09-28', '08:42:00', '01:00:00', 'FC18', '2015-06-27'),
('1995-04-25', '09:30:00', '00:44:00', 'FC18', '2015-06-27'),
('2017-04-03', '09:35:00', '19:47:00', 'FC18', '2015-06-27'),
('2012-04-01', '09:39:00', '03:04:00', 'FC18', '2015-06-27'),
('2008-04-09', '09:45:00', '08:37:00', 'FC18', '2015-06-27'),
('2021-04-11', '10:38:00', '09:20:00', 'FC18', '2015-06-27'),
('2001-09-01', '11:10:00', '02:31:00', 'FC18', '2015-06-27'),
('2003-01-10', '11:10:00', '19:07:00', 'FC18', '2015-06-27'),
('2024-02-12', '11:39:00', '06:39:00', 'FC18', '2015-06-27'),
('1995-09-29', '12:27:00', '20:59:00', 'FC18', '2015-06-27'),
('2010-11-14', '12:27:00', '00:17:00', 'FC18', '2015-06-27'),
('1993-05-02', '13:07:00', '18:59:00', 'FC18', '2015-06-27'),
('2019-12-16', '13:13:00', '19:21:00', 'FC18', '2015-06-27'),
('2003-11-11', '13:24:00', '18:05:00', 'FC18', '2015-06-27'),
('2015-12-27', '13:43:00', '10:10:00', 'FC18', '2015-06-27'),
('2010-03-05', '13:48:00', '11:58:00', 'FC18', '2015-06-27'),
('2009-02-01', '14:14:00', '03:51:00', 'FC18', '2015-06-27'),
('2004-07-22', '14:21:00', '21:11:00', 'FC18', '2015-06-27'),
('2024-05-01', '14:25:00', '20:44:00', 'FC18', '2015-06-27'),
('2002-04-07', '14:38:00', '17:42:00', 'FC18', '2015-06-27'),
('1997-05-18', '15:29:00', '17:48:00', 'FC18', '2015-06-27'),
('2018-12-18', '15:36:00', '03:00:00', 'FC18', '2015-06-27'),
('2002-03-31', '15:39:00', '12:52:00', 'FC18', '2015-06-27'),
('1998-04-22', '16:19:00', '14:56:00', 'FC18', '2015-06-27'),
('1999-01-20', '16:28:00', '14:42:00', 'FC18', '2015-06-27'),
('1994-06-30', '16:32:00', '23:02:00', 'FC18', '2015-06-27'),
('2022-06-19', '16:33:00', '19:47:00', 'FC18', '2015-06-27'),
('2000-10-04', '16:46:00', '21:14:00', 'FC18', '2015-06-27'),
('2012-09-30', '16:54:00', '23:45:00', 'FC18', '2015-06-27'),
('1994-03-09', '16:57:00', '06:28:00', 'FC18', '2015-06-27'),
('2019-08-08', '17:11:00', '04:07:00', 'FC18', '2015-06-27'),
('1994-03-20', '17:39:00', '16:03:00', 'FC18', '2015-06-27'),
('1995-07-21', '18:09:00', '21:55:00', 'FC18', '2015-06-27'),
('2009-02-07', '18:21:00', '22:16:00', 'FC18', '2015-06-27'),
('2004-05-23', '18:34:00', '05:54:00', 'FC18', '2015-06-27'),
('1993-10-26', '18:53:00', '04:43:00', 'FC18', '2015-06-27'),
('2008-07-31', '19:20:00', '19:38:00', 'FC18', '2015-06-27'),
('1991-09-11', '20:09:00', '12:07:00', 'FC18', '2015-06-27'),
('2020-10-22', '20:14:00', '17:17:00', 'FC18', '2015-06-27'),
('1991-09-01', '20:33:00', '22:50:00', 'FC18', '2015-06-27'),
('2015-03-27', '20:41:00', '08:00:00', 'FC18', '2015-06-27'),
('2005-11-15', '20:42:00', '14:17:00', 'FC18', '2015-06-27'),
('2012-12-07', '20:59:00', '21:41:00', 'FC18', '2015-06-27'),
('2008-11-06', '21:10:00', '21:27:00', 'FC18', '2015-06-27'),
('1996-01-04', '21:25:00', '05:07:00', 'FC18', '2015-06-27'),
('2020-12-05', '21:35:00', '19:20:00', 'FC18', '2015-06-27'),
('2018-01-23', '21:44:00', '09:49:00', 'FC18', '2015-06-27'),
('1998-07-25', '22:07:00', '15:06:00', 'FC18', '2015-06-27'),
('2018-09-20', '22:22:00', '12:14:00', 'FC18', '2015-06-27'),
('2011-09-08', '22:23:00', '13:13:00', 'FC18', '2015-06-27'),
('2003-12-04', '22:39:00', '18:45:00', 'FC18', '2015-06-27'),
('1994-10-12', '22:51:00', '10:01:00', 'FC18', '2015-06-27'),
('2000-03-06', '23:03:00', '21:32:00', 'FC18', '2015-06-27'),
('2004-10-31', '23:06:00', '11:54:00', 'FC18', '2015-06-27'),
('2020-06-18', '23:11:00', '12:19:00', 'FC18', '2015-06-27'),
('1997-06-01', '23:15:00', '11:48:00', 'FC18', '2015-06-27'),
('2020-05-06', '23:36:00', '10:01:00', 'FC18', '2015-06-27'),
('2015-07-20', '23:44:00', '15:37:00', 'FC18', '2015-06-27'),
('1996-09-16', '23:48:00', '20:07:00', 'FC18', '2015-06-27');

-- --------------------------------------------------------

--
-- Table structure for table `Weather_Forecasts`
--

CREATE TABLE `Weather_Forecasts` (
  `Code` varchar(20) NOT NULL,
  `Date` date NOT NULL,
  `Source` varchar(50) NOT NULL,
  `Confidence` decimal(5,2) NOT NULL,
  `fk_CityName` varchar(50) NOT NULL,
  `fk_CityCountry` varchar(100) NOT NULL,
  `fk_Weather_StationCode` varchar(20) NOT NULL
) ENGINE=InnoDB DEFAULT CHARSET=utf8 COLLATE=utf8_general_ci;

--
-- Dumping data for table `Weather_Forecasts`
--

INSERT INTO `Weather_Forecasts` (`Code`, `Date`, `Source`, `Confidence`, `fk_CityName`, `fk_CityCountry`, `fk_Weather_StationCode`) VALUES
('FC0', '1990-10-09', 'Source0', 57.55, 'City72', 'Country2', 'WS89'),
('FC1', '2019-11-18', 'Source1', 55.68, 'City94', 'Country4', 'WS77'),
('FC10', '2015-06-18', 'Source1', 89.64, 'City3', 'Country3', 'WS99'),
('FC11', '1998-07-09', 'Source2', 77.30, 'City86', 'Country1', 'WS64'),
('FC12', '2001-09-29', 'Source0', 74.98, 'City57', 'Country2', 'WS26'),
('FC13', '1998-08-07', 'Source1', 70.45, 'City14', 'Country4', 'WS68'),
('FC14', '2009-02-07', 'Source2', 86.46, 'City59', 'Country4', 'WS16'),
('FC15', '2011-11-10', 'Source0', 98.48, 'City94', 'Country4', 'WS62'),
('FC16', '2015-06-02', 'Source1', 56.70, 'City14', 'Country4', 'WS18'),
('FC17', '2014-12-20', 'Source2', 99.45, 'City23', 'Country3', 'WS40'),
('FC18', '2015-06-27', 'Source0', 92.89, 'City86', 'Country1', 'WS33'),
('FC19', '1994-11-23', 'Source1', 55.03, 'City96', 'Country1', 'WS96'),
('FC2', '1992-08-04', 'Source2', 85.51, 'City73', 'Country3', 'WS4'),
('FC20', '2014-09-20', 'Source2', 50.95, 'City6', 'Country1', 'WS98'),
('FC21', '2022-11-09', 'Source0', 52.90, 'City55', 'Country0', 'WS26'),
('FC22', '2015-08-23', 'Source1', 56.89, 'City72', 'Country2', 'WS11'),
('FC23', '1995-02-03', 'Source2', 56.13, 'City20', 'Country0', 'WS80'),
('FC24', '1997-08-14', 'Source0', 63.42, 'City71', 'Country1', 'WS41'),
('FC25', '2010-04-17', 'Source1', 54.79, 'City84', 'Country4', 'WS5'),
('FC26', '2012-04-09', 'Source2', 80.29, 'City89', 'Country4', 'WS84'),
('FC27', '2018-12-26', 'Source0', 95.97, 'City45', 'Country0', 'WS91'),
('FC28', '2006-06-30', 'Source1', 81.36, 'City17', 'Country2', 'WS78'),
('FC29', '2007-10-23', 'Source2', 62.15, 'City23', 'Country3', 'WS88'),
('FC3', '2017-11-30', 'Source0', 63.14, 'City14', 'Country4', 'WS96'),
('FC30', '2023-02-22', 'Source0', 88.18, 'City78', 'Country3', 'WS60'),
('FC31', '2021-07-31', 'Source1', 53.90, 'City22', 'Country2', 'WS52'),
('FC32', '2023-01-14', 'Source2', 83.70, 'City95', 'Country0', 'WS15'),
('FC33', '2003-10-05', 'Source0', 72.79, 'City92', 'Country2', 'WS34'),
('FC34', '2023-07-19', 'Source1', 67.59, 'City89', 'Country4', 'WS2'),
('FC35', '2014-02-22', 'Source2', 78.84, 'City47', 'Country2', 'WS12'),
('FC36', '1997-05-03', 'Source0', 60.61, 'City44', 'Country4', 'WS82'),
('FC37', '2021-02-10', 'Source1', 93.11, 'City27', 'Country2', 'WS77'),
('FC38', '1993-05-09', 'Source2', 61.85, 'City17', 'Country2', 'WS35'),
('FC39', '2006-08-08', 'Source0', 91.29, 'City57', 'Country2', 'WS86'),
('FC4', '1999-06-06', 'Source1', 81.53, 'City45', 'Country0', 'WS98'),
('FC40', '2011-09-14', 'Source1', 96.23, 'City12', 'Country2', 'WS53'),
('FC41', '2015-01-23', 'Source2', 69.19, 'City13', 'Country3', 'WS7'),
('FC42', '2003-12-06', 'Source0', 81.48, 'City92', 'Country2', 'WS6'),
('FC43', '2020-10-31', 'Source1', 57.59, 'City54', 'Country4', 'WS52'),
('FC44', '2020-09-08', 'Source2', 50.81, 'City21', 'Country1', 'WS66'),
('FC45', '2003-09-22', 'Source0', 67.01, 'City38', 'Country3', 'WS35'),
('FC46', '1990-06-03', 'Source1', 69.35, 'City93', 'Country3', 'WS31'),
('FC47', '2009-08-31', 'Source2', 85.88, 'City15', 'Country0', 'WS29'),
('FC48', '2001-12-16', 'Source0', 85.60, 'City55', 'Country0', 'WS99'),
('FC49', '1997-01-26', 'Source1', 55.73, 'City29', 'Country4', 'WS91'),
('FC5', '1999-07-21', 'Source2', 74.08, 'City60', 'Country0', 'WS48'),
('FC50', '2002-06-28', 'Source2', 65.89, 'City74', 'Country4', 'WS71'),
('FC51', '1993-07-10', 'Source0', 84.01, 'City9', 'Country4', 'WS70'),
('FC52', '2019-04-29', 'Source1', 68.03, 'City57', 'Country2', 'WS4'),
('FC53', '2002-08-06', 'Source2', 79.59, 'City17', 'Country2', 'WS55'),
('FC54', '2012-01-25', 'Source0', 91.57, 'City45', 'Country0', 'WS15'),
('FC55', '2004-08-23', 'Source1', 75.70, 'City43', 'Country3', 'WS66'),
('FC56', '1990-10-20', 'Source2', 98.86, 'City74', 'Country4', 'WS81'),
('FC57', '2022-11-04', 'Source0', 54.87, 'City73', 'Country3', 'WS56'),
('FC58', '1993-08-03', 'Source1', 61.17, 'City35', 'Country0', 'WS37'),
('FC59', '2011-12-16', 'Source2', 73.90, 'City34', 'Country4', 'WS74'),
('FC6', '1995-03-07', 'Source0', 98.27, 'City70', 'Country0', 'WS95'),
('FC60', '2007-12-17', 'Source0', 80.80, 'City73', 'Country3', 'WS94'),
('FC61', '2007-09-04', 'Source1', 54.19, 'City52', 'Country2', 'WS68'),
('FC62', '2010-12-03', 'Source2', 59.31, 'City86', 'Country1', 'WS29'),
('FC63', '2024-11-16', 'Source0', 90.54, 'City74', 'Country4', 'WS31'),
('FC64', '2006-06-05', 'Source1', 90.39, 'City54', 'Country4', 'WS54'),
('FC65', '2018-07-13', 'Source2', 53.83, 'City79', 'Country4', 'WS48'),
('FC66', '2008-06-25', 'Source0', 52.44, 'City89', 'Country4', 'WS96'),
('FC67', '2021-05-11', 'Source1', 88.83, 'City12', 'Country2', 'WS24'),
('FC68', '2010-12-02', 'Source2', 55.23, 'City73', 'Country3', 'WS53'),
('FC69', '1996-08-10', 'Source0', 92.49, 'City36', 'Country1', 'WS41'),
('FC7', '2018-07-16', 'Source1', 78.85, 'City89', 'Country4', 'WS67'),
('FC70', '2011-08-19', 'Source1', 85.10, 'City86', 'Country1', 'WS76'),
('FC71', '2021-08-01', 'Source2', 59.60, 'City23', 'Country3', 'WS89'),
('FC72', '2004-05-22', 'Source0', 60.10, 'City20', 'Country0', 'WS81'),
('FC73', '2010-06-03', 'Source1', 69.45, 'City91', 'Country1', 'WS88'),
('FC74', '2022-08-26', 'Source2', 80.04, 'City55', 'Country0', 'WS71'),
('FC75', '1998-07-10', 'Source0', 81.02, 'City95', 'Country0', 'WS47'),
('FC76', '2020-06-28', 'Source1', 70.56, 'City82', 'Country2', 'WS86'),
('FC77', '1999-06-08', 'Source2', 86.34, 'City82', 'Country2', 'WS83'),
('FC78', '1990-07-18', 'Source0', 74.23, 'City93', 'Country3', 'WS4'),
('FC79', '2002-12-31', 'Source1', 99.17, 'City34', 'Country4', 'WS59'),
('FC8', '1991-10-28', 'Source2', 81.35, 'City83', 'Country3', 'WS34'),
('FC80', '1997-05-08', 'Source2', 68.76, 'City81', 'Country1', 'WS60'),
('FC81', '2006-03-17', 'Source0', 68.69, 'City51', 'Country1', 'WS33'),
('FC82', '2018-09-19', 'Source1', 51.82, 'City73', 'Country3', 'WS43'),
('FC83', '2004-06-08', 'Source2', 85.92, 'City9', 'Country4', 'WS67'),
('FC84', '1990-09-06', 'Source0', 94.72, 'City7', 'Country2', 'WS14'),
('FC85', '2023-09-22', 'Source1', 73.18, 'City60', 'Country0', 'WS29'),
('FC86', '2014-05-03', 'Source2', 71.58, 'City28', 'Country3', 'WS15'),
('FC87', '2009-08-30', 'Source0', 53.70, 'City46', 'Country1', 'WS49'),
('FC88', '1995-02-17', 'Source1', 75.84, 'City9', 'Country4', 'WS28'),
('FC89', '2022-01-19', 'Source2', 72.23, 'City13', 'Country3', 'WS89'),
('FC9', '2024-08-31', 'Source0', 52.24, 'City25', 'Country0', 'WS94'),
('FC90', '2003-04-26', 'Source0', 53.68, 'City43', 'Country3', 'WS15'),
('FC91', '2002-12-22', 'Source1', 65.55, 'City66', 'Country1', 'WS35'),
('FC92', '1991-02-27', 'Source2', 51.49, 'City50', 'Country0', 'WS99'),
('FC93', '1994-12-14', 'Source0', 91.33, 'City3', 'Country3', 'WS75'),
('FC94', '2001-04-25', 'Source1', 97.49, 'City76', 'Country1', 'WS0'),
('FC95', '1994-12-21', 'Source2', 91.12, 'City33', 'Country3', 'WS88'),
('FC96', '2001-10-08', 'Source0', 97.33, 'City79', 'Country4', 'WS69'),
('FC97', '2007-09-17', 'Source1', 79.77, 'City70', 'Country0', 'WS74'),
('FC98', '2018-06-11', 'Source2', 85.24, 'City31', 'Country1', 'WS7'),
('FC99', '1993-07-20', 'Source0', 68.46, 'City98', 'Country3', 'WS65');

-- --------------------------------------------------------

--
-- Table structure for table `Weather_Stations`
--

CREATE TABLE `Weather_Stations` (
  `Code` varchar(20) NOT NULL,
  `Managing_organization` varchar(100) NOT NULL,
  `Latitude` decimal(10,7) NOT NULL,
  `Longitude` decimal(10,7) NOT NULL,
  `Elevation` int(11) NOT NULL,
  `Type` varchar(20) NOT NULL,
  `fk_CityName` varchar(50) NOT NULL,
  `fk_CityCountry` varchar(100) NOT NULL
) ENGINE=InnoDB DEFAULT CHARSET=utf8 COLLATE=utf8_general_ci;

--
-- Dumping data for table `Weather_Stations`
--

INSERT INTO `Weather_Stations` (`Code`, `Managing_organization`, `Latitude`, `Longitude`, `Elevation`, `Type`, `fk_CityName`, `fk_CityCountry`) VALUES
('WS0', 'Org0', -69.8666187, 113.4524817, 2457, 'Type2', 'City32', 'Country2'),
('WS1', 'Org1', -16.1686371, -80.7878672, 1094, 'Type2', 'City13', 'Country3'),
('WS10', 'Org0', 26.7270107, 12.4559531, 1366, 'Type2', 'City36', 'Country1'),
('WS11', 'Org1', 30.5867210, -48.4620297, 912, 'Type1', 'City69', 'Country4'),
('WS12', 'Org2', 62.5355909, -141.2288328, 1070, 'Type1', 'City54', 'Country4'),
('WS13', 'Org3', 25.4016620, -73.1969483, 465, 'Type2', 'City86', 'Country1'),
('WS14', 'Org4', -41.5697326, 124.8328083, 537, 'Type3', 'City44', 'Country4'),
('WS15', 'Org0', -83.8429151, 52.5866580, 917, 'Type1', 'City40', 'Country0'),
('WS16', 'Org1', 59.1798030, -42.5818316, 1146, 'Type2', 'City57', 'Country2'),
('WS17', 'Org2', -39.8429331, 104.6684382, 2368, 'Type1', 'City31', 'Country1'),
('WS18', 'Org3', -26.0836612, 57.1746663, 2425, 'Type1', 'City47', 'Country2'),
('WS19', 'Org4', -20.6511538, -177.1769264, 2208, 'Type3', 'City49', 'Country4'),
('WS2', 'Org2', -66.2041686, -121.9792278, 1054, 'Type1', 'City93', 'Country3'),
('WS20', 'Org0', 47.4744135, 106.1725871, 841, 'Type1', 'City23', 'Country3'),
('WS21', 'Org1', -7.3678747, 172.1615212, 394, 'Type3', 'City27', 'Country2'),
('WS22', 'Org2', -44.5784217, 163.0219380, 251, 'Type3', 'City2', 'Country2'),
('WS23', 'Org3', -7.4614305, -166.5776560, 249, 'Type1', 'City49', 'Country4'),
('WS24', 'Org4', 15.2154777, -155.8366649, 1996, 'Type3', 'City95', 'Country0'),
('WS25', 'Org0', 36.5621627, 156.1795381, 174, 'Type2', 'City55', 'Country0'),
('WS26', 'Org1', 54.8624732, 127.4517122, 1077, 'Type1', 'City68', 'Country3'),
('WS27', 'Org2', -27.9478095, 164.2376623, 1434, 'Type2', 'City37', 'Country2'),
('WS28', 'Org3', 22.8931050, 156.7696155, 16, 'Type1', 'City3', 'Country3'),
('WS29', 'Org4', 50.3280541, 24.8866192, 2769, 'Type2', 'City89', 'Country4'),
('WS3', 'Org3', 24.4075303, 29.2060952, 116, 'Type3', 'City60', 'Country0'),
('WS30', 'Org0', 85.3388020, 120.3496995, 2095, 'Type1', 'City16', 'Country1'),
('WS31', 'Org1', 59.2834664, 119.4828702, 2727, 'Type3', 'City88', 'Country3'),
('WS32', 'Org2', -84.4181594, -108.5018147, 653, 'Type3', 'City70', 'Country0'),
('WS33', 'Org3', -16.0763007, 133.4102987, 952, 'Type2', 'City88', 'Country3'),
('WS34', 'Org4', -8.6764169, 60.5260904, 735, 'Type3', 'City66', 'Country1'),
('WS35', 'Org0', -84.4687761, -53.4734394, 319, 'Type3', 'City11', 'Country1'),
('WS36', 'Org1', 33.2044392, -116.0521803, 939, 'Type3', 'City92', 'Country2'),
('WS37', 'Org2', -4.8769116, -26.6618146, 1822, 'Type1', 'City86', 'Country1'),
('WS38', 'Org3', 46.5370371, 176.6980333, 1777, 'Type1', 'City36', 'Country1'),
('WS39', 'Org4', -37.0387169, -63.1018831, 1576, 'Type3', 'City76', 'Country1'),
('WS4', 'Org4', 22.5586842, -41.2801853, 2875, 'Type2', 'City61', 'Country1'),
('WS40', 'Org0', -88.7566986, 51.6281386, 851, 'Type1', 'City20', 'Country0'),
('WS41', 'Org1', 68.3302421, -98.1692153, 2802, 'Type1', 'City48', 'Country3'),
('WS42', 'Org2', 8.0047811, 55.1123927, 865, 'Type1', 'City52', 'Country2'),
('WS43', 'Org3', 73.6828569, -152.7776707, 2880, 'Type1', 'City50', 'Country0'),
('WS44', 'Org4', -24.5872766, 40.3809883, 2312, 'Type2', 'City91', 'Country1'),
('WS45', 'Org0', 54.6581898, 33.5203096, 1277, 'Type1', 'City78', 'Country3'),
('WS46', 'Org1', 75.5458850, -14.3601197, 972, 'Type3', 'City64', 'Country4'),
('WS47', 'Org2', 17.0547915, -16.1035929, 2097, 'Type1', 'City32', 'Country2'),
('WS48', 'Org3', 64.7752539, -65.5402418, 1284, 'Type3', 'City53', 'Country3'),
('WS49', 'Org4', -78.4732021, -169.4801439, 2175, 'Type2', 'City89', 'Country4'),
('WS5', 'Org0', 22.6284733, 82.1024822, 103, 'Type3', 'City1', 'Country1'),
('WS50', 'Org0', 55.7602268, 161.1303471, 2490, 'Type3', 'City27', 'Country2'),
('WS51', 'Org1', 70.0070645, -137.8988006, 151, 'Type2', 'City52', 'Country2'),
('WS52', 'Org2', -40.8931492, 90.3898800, 317, 'Type1', 'City69', 'Country4'),
('WS53', 'Org3', -8.6561232, 153.4569822, 2986, 'Type2', 'City42', 'Country2'),
('WS54', 'Org4', -40.5626303, 169.6534255, 146, 'Type2', 'City39', 'Country4'),
('WS55', 'Org0', 39.4687436, 95.5909777, 119, 'Type1', 'City67', 'Country2'),
('WS56', 'Org1', -30.9325045, 110.9290223, 197, 'Type1', 'City63', 'Country3'),
('WS57', 'Org2', -20.1250897, -85.0568195, 1511, 'Type3', 'City39', 'Country4'),
('WS58', 'Org3', 17.8859564, 6.4595620, 1050, 'Type1', 'City93', 'Country3'),
('WS59', 'Org4', -65.4513235, -118.0796767, 2964, 'Type1', 'City90', 'Country0'),
('WS6', 'Org1', -87.1315624, 117.9799351, 1704, 'Type2', 'City90', 'Country0'),
('WS60', 'Org0', -60.4789186, -162.7939116, 2747, 'Type3', 'City95', 'Country0'),
('WS61', 'Org1', -83.6341107, -157.6523500, 683, 'Type2', 'City20', 'Country0'),
('WS62', 'Org2', 25.9665322, 175.3062868, 252, 'Type2', 'City48', 'Country3'),
('WS63', 'Org3', -89.0085789, -7.3709856, 2093, 'Type2', 'City18', 'Country3'),
('WS64', 'Org4', -68.4705030, 178.5747920, 1663, 'Type1', 'City39', 'Country4'),
('WS65', 'Org0', -81.6178907, -59.2449218, 1815, 'Type2', 'City33', 'Country3'),
('WS66', 'Org1', 85.6387932, 75.3016630, 2374, 'Type3', 'City36', 'Country1'),
('WS67', 'Org2', 72.0029674, 57.7016214, 2530, 'Type3', 'City99', 'Country4'),
('WS68', 'Org3', -81.3415877, -158.8306348, 2902, 'Type2', 'City28', 'Country3'),
('WS69', 'Org4', 77.7181097, 142.7600559, 241, 'Type3', 'City29', 'Country4'),
('WS7', 'Org2', 79.7389761, -102.1568188, 2767, 'Type3', 'City53', 'Country3'),
('WS70', 'Org0', -14.0544810, 97.5254411, 183, 'Type3', 'City5', 'Country0'),
('WS71', 'Org1', -25.1735567, -113.1453938, 327, 'Type3', 'City20', 'Country0'),
('WS72', 'Org2', 83.1223531, -10.6478008, 1204, 'Type1', 'City50', 'Country0'),
('WS73', 'Org3', 33.0852318, 75.0191005, 1171, 'Type1', 'City7', 'Country2'),
('WS74', 'Org4', -72.3129844, 62.1380774, 50, 'Type3', 'City7', 'Country2'),
('WS75', 'Org0', -74.7339305, 129.9233129, 2628, 'Type3', 'City22', 'Country2'),
('WS76', 'Org1', -77.4324117, 10.6421480, 1606, 'Type1', 'City30', 'Country0'),
('WS77', 'Org2', -35.8638383, 132.5662940, 2088, 'Type1', 'City2', 'Country2'),
('WS78', 'Org3', -74.4618938, -87.8859650, 870, 'Type2', 'City53', 'Country3'),
('WS79', 'Org4', -4.2635202, -113.5729458, 1912, 'Type1', 'City54', 'Country4'),
('WS8', 'Org3', -42.1854640, 157.1105809, 2042, 'Type2', 'City30', 'Country0'),
('WS80', 'Org0', -87.5427938, 148.3914130, 2711, 'Type2', 'City51', 'Country1'),
('WS81', 'Org1', 19.8337097, -148.0649404, 854, 'Type3', 'City21', 'Country1'),
('WS82', 'Org2', 39.0255601, -105.6778392, 638, 'Type2', 'City33', 'Country3'),
('WS83', 'Org3', 56.4747426, -130.4712696, 12, 'Type1', 'City82', 'Country2'),
('WS84', 'Org4', 50.7874938, -15.5210232, 2260, 'Type2', 'City57', 'Country2'),
('WS85', 'Org0', -44.8506707, -80.5174569, 658, 'Type2', 'City56', 'Country1'),
('WS86', 'Org1', -1.7729783, 156.4762947, 1179, 'Type2', 'City41', 'Country1'),
('WS87', 'Org2', 1.4231084, -142.4992694, 456, 'Type3', 'City52', 'Country2'),
('WS88', 'Org3', -57.3373172, -20.6068340, 289, 'Type2', 'City89', 'Country4'),
('WS89', 'Org4', 65.2072207, -102.0626996, 2244, 'Type1', 'City53', 'Country3'),
('WS9', 'Org4', -67.1955552, 1.4642576, 1892, 'Type1', 'City49', 'Country4'),
('WS90', 'Org0', 84.3532532, -41.9200569, 1100, 'Type1', 'City92', 'Country2'),
('WS91', 'Org1', -13.8093204, 104.9180150, 1524, 'Type3', 'City30', 'Country0'),
('WS92', 'Org2', -12.7439685, 76.6033069, 1944, 'Type3', 'City80', 'Country0'),
('WS93', 'Org3', 2.4071682, 119.7344063, 1177, 'Type3', 'City6', 'Country1'),
('WS94', 'Org4', 46.4816276, 154.0025499, 633, 'Type3', 'City47', 'Country2'),
('WS95', 'Org0', -31.4648295, 17.1096015, 1103, 'Type3', 'City30', 'Country0'),
('WS96', 'Org1', -43.8873379, 167.9447352, 2677, 'Type2', 'City22', 'Country2'),
('WS97', 'Org2', -23.8601120, 99.1728889, 537, 'Type1', 'City20', 'Country0'),
('WS98', 'Org3', 43.2588987, 105.1593834, 1361, 'Type2', 'City37', 'Country2'),
('WS99', 'Org4', -7.0204835, -44.0943033, 445, 'Type1', 'City91', 'Country1');

-- --------------------------------------------------------

--
-- Table structure for table `Winds`
--

CREATE TABLE `Winds` (
  `Speed` decimal(5,2) NOT NULL,
  `Direction` char(2) NOT NULL,
  `Gust_speed` decimal(5,2) NOT NULL,
  `Strength` varchar(20) NOT NULL,
  `id_Wind` int(11) NOT NULL,
  `fk_Time_RangeTime_from` time NOT NULL,
  `fk_Time_RangeDate` date NOT NULL
) ENGINE=InnoDB DEFAULT CHARSET=utf8 COLLATE=utf8_general_ci;

--
-- Dumping data for table `Winds`
--

INSERT INTO `Winds` (`Speed`, `Direction`, `Gust_speed`, `Strength`, `id_Wind`, `fk_Time_RangeTime_from`, `fk_Time_RangeDate`) VALUES
(83.41, 'SE', 9.79, 'Moderate', 1, '06:15:00', '2017-11-14'),
(86.99, 'S', 37.88, 'Moderate', 2, '06:15:00', '2017-11-14'),
(70.46, 'NW', 146.77, 'Gale', 3, '06:15:00', '2017-11-14'),
(20.34, 'NE', 0.50, 'Storm', 4, '06:15:00', '2017-11-14'),
(64.30, 'N', 46.91, 'Light', 5, '06:15:00', '2017-11-14'),
(99.50, 'SE', 53.98, 'Light', 6, '06:15:00', '2017-11-14'),
(27.68, 'S', 15.54, 'Moderate', 7, '06:15:00', '2017-11-14'),
(27.62, 'N', 101.11, 'Gale', 8, '06:15:00', '2017-11-14'),
(11.14, 'SW', 73.21, 'Strong', 9, '06:15:00', '2017-11-14'),
(72.29, 'SE', 89.70, 'Strong', 10, '06:15:00', '2017-11-14'),
(60.20, 'SW', 133.53, 'Moderate', 11, '06:15:00', '2017-11-14'),
(96.91, 'NE', 34.94, 'Strong', 12, '06:15:00', '2017-11-14'),
(76.10, 'NW', 10.15, 'Light', 13, '06:15:00', '2017-11-14'),
(72.73, 'E', 94.02, 'Light', 14, '06:15:00', '2017-11-14'),
(1.85, 'E', 85.45, 'Light', 15, '06:15:00', '2017-11-14'),
(80.56, 'SW', 3.95, 'Strong', 16, '06:15:00', '2017-11-14'),
(56.08, 'SW', 148.13, 'Light', 17, '06:15:00', '2017-11-14'),
(34.29, 'NW', 113.95, 'Light', 18, '06:15:00', '2017-11-14'),
(37.69, 'SE', 52.88, 'Light', 19, '06:15:00', '2017-11-14'),
(51.80, 'N', 135.68, 'Gale', 20, '06:15:00', '2017-11-14'),
(39.80, 'SE', 91.32, 'Light', 21, '06:15:00', '2017-11-14'),
(73.88, 'SE', 100.88, 'Storm', 22, '06:15:00', '2017-11-14'),
(33.73, 'E', 51.13, 'Moderate', 23, '06:15:00', '2017-11-14'),
(14.64, 'N', 127.16, 'Storm', 24, '06:15:00', '2017-11-14'),
(78.23, 'E', 52.23, 'Light', 25, '06:15:00', '2017-11-14'),
(99.30, 'S', 119.62, 'Moderate', 26, '06:15:00', '2017-11-14'),
(66.38, 'W', 100.54, 'Light', 27, '06:15:00', '2017-11-14'),
(57.79, 'NW', 42.75, 'Gale', 28, '06:15:00', '2017-11-14'),
(43.76, 'S', 63.65, 'Moderate', 29, '06:15:00', '2017-11-14'),
(30.29, 'W', 36.41, 'Storm', 30, '06:15:00', '2017-11-14'),
(19.67, 'S', 19.20, 'Moderate', 31, '06:15:00', '2017-11-14'),
(38.08, 'W', 83.73, 'Moderate', 32, '06:15:00', '2017-11-14'),
(10.46, 'NW', 92.49, 'Moderate', 33, '06:15:00', '2017-11-14'),
(77.77, 'W', 111.34, 'Light', 34, '06:15:00', '2017-11-14'),
(64.12, 'NE', 70.21, 'Storm', 35, '06:15:00', '2017-11-14'),
(31.62, 'SW', 59.25, 'Storm', 36, '06:15:00', '2017-11-14'),
(49.65, 'N', 10.13, 'Moderate', 37, '06:15:00', '2017-11-14'),
(0.46, 'S', 6.80, 'Gale', 38, '06:15:00', '2017-11-14'),
(12.37, 'W', 74.21, 'Strong', 39, '06:15:00', '2017-11-14'),
(60.27, 'N', 110.76, 'Light', 40, '06:15:00', '2017-11-14'),
(12.48, 'S', 32.80, 'Gale', 41, '06:15:00', '2017-11-14'),
(12.10, 'SE', 44.96, 'Light', 42, '06:15:00', '2017-11-14'),
(4.65, 'W', 123.16, 'Strong', 43, '06:15:00', '2017-11-14'),
(68.14, 'S', 53.46, 'Moderate', 44, '06:15:00', '2017-11-14'),
(24.72, 'W', 104.39, 'Moderate', 45, '06:15:00', '2017-11-14'),
(83.59, 'W', 66.70, 'Strong', 46, '06:15:00', '2017-11-14'),
(20.12, 'N', 54.52, 'Strong', 47, '06:15:00', '2017-11-14'),
(21.07, 'W', 128.35, 'Strong', 48, '06:15:00', '2017-11-14'),
(12.83, 'SW', 57.77, 'Light', 49, '06:15:00', '2017-11-14'),
(42.49, 'E', 59.91, 'Moderate', 50, '06:15:00', '2017-11-14'),
(46.47, 'N', 106.07, 'Gale', 51, '06:15:00', '2017-11-14'),
(64.83, 'NE', 2.37, 'Moderate', 52, '06:15:00', '2017-11-14'),
(84.91, 'SE', 92.59, 'Light', 53, '06:15:00', '2017-11-14'),
(83.08, 'NE', 116.14, 'Gale', 54, '06:15:00', '2017-11-14'),
(34.77, 'SE', 4.50, 'Moderate', 55, '06:15:00', '2017-11-14'),
(39.93, 'SE', 121.53, 'Gale', 56, '06:15:00', '2017-11-14'),
(0.91, 'SE', 48.76, 'Strong', 57, '06:15:00', '2017-11-14'),
(44.99, 'SE', 96.49, 'Light', 58, '06:15:00', '2017-11-14'),
(50.33, 'NW', 66.52, 'Strong', 59, '06:15:00', '2017-11-14'),
(78.98, 'W', 23.58, 'Strong', 60, '06:15:00', '2017-11-14'),
(98.12, 'S', 89.02, 'Storm', 61, '06:15:00', '2017-11-14'),
(41.13, 'N', 62.31, 'Light', 62, '06:15:00', '2017-11-14'),
(35.44, 'N', 53.50, 'Storm', 63, '06:15:00', '2017-11-14'),
(54.02, 'SE', 126.22, 'Gale', 64, '06:15:00', '2017-11-14'),
(93.00, 'W', 111.09, 'Light', 65, '06:15:00', '2017-11-14'),
(87.96, 'SE', 57.29, 'Storm', 66, '06:15:00', '2017-11-14'),
(94.71, 'SW', 45.84, 'Light', 67, '06:15:00', '2017-11-14'),
(62.75, 'N', 128.65, 'Moderate', 68, '06:15:00', '2017-11-14'),
(7.36, 'N', 91.27, 'Gale', 69, '06:15:00', '2017-11-14'),
(88.06, 'SW', 111.59, 'Moderate', 70, '06:15:00', '2017-11-14'),
(6.98, 'S', 100.68, 'Storm', 71, '06:15:00', '2017-11-14'),
(71.41, 'NW', 114.41, 'Moderate', 72, '06:15:00', '2017-11-14'),
(6.81, 'N', 112.83, 'Storm', 73, '06:15:00', '2017-11-14'),
(87.78, 'NW', 129.85, 'Gale', 74, '06:15:00', '2017-11-14'),
(45.55, 'SW', 142.60, 'Gale', 75, '06:15:00', '2017-11-14'),
(57.36, 'W', 68.03, 'Strong', 76, '06:15:00', '2017-11-14'),
(99.36, 'NE', 53.28, 'Storm', 77, '06:15:00', '2017-11-14'),
(75.12, 'N', 47.88, 'Strong', 78, '06:15:00', '2017-11-14'),
(17.25, 'SE', 139.94, 'Light', 79, '06:15:00', '2017-11-14'),
(4.43, 'SW', 109.85, 'Strong', 80, '06:15:00', '2017-11-14'),
(16.05, 'NW', 149.04, 'Moderate', 81, '06:15:00', '2017-11-14'),
(15.45, 'S', 72.88, 'Storm', 82, '06:15:00', '2017-11-14'),
(54.13, 'N', 98.66, 'Moderate', 83, '06:15:00', '2017-11-14'),
(18.53, 'NE', 149.30, 'Storm', 84, '06:15:00', '2017-11-14'),
(66.66, 'NW', 88.32, 'Gale', 85, '06:15:00', '2017-11-14'),
(90.62, 'S', 75.62, 'Moderate', 86, '06:15:00', '2017-11-14'),
(72.79, 'SW', 109.92, 'Light', 87, '06:15:00', '2017-11-14'),
(12.19, 'E', 125.01, 'Light', 88, '06:15:00', '2017-11-14'),
(58.71, 'SE', 49.64, 'Storm', 89, '06:15:00', '2017-11-14'),
(10.07, 'S', 140.75, 'Gale', 90, '06:15:00', '2017-11-14'),
(82.48, 'W', 129.69, 'Strong', 91, '06:15:00', '2017-11-14'),
(87.62, 'N', 53.64, 'Moderate', 92, '06:15:00', '2017-11-14'),
(98.00, 'E', 49.10, 'Storm', 93, '06:15:00', '2017-11-14'),
(87.37, 'SW', 37.51, 'Strong', 94, '06:15:00', '2017-11-14'),
(17.70, 'SE', 67.78, 'Storm', 95, '06:15:00', '2017-11-14'),
(8.59, 'W', 99.26, 'Light', 96, '06:15:00', '2017-11-14'),
(12.23, 'S', 68.92, 'Moderate', 97, '06:15:00', '2017-11-14'),
(91.74, 'S', 134.33, 'Moderate', 98, '06:15:00', '2017-11-14'),
(20.93, 'E', 53.37, 'Storm', 99, '06:15:00', '2017-11-14');

--
-- Indexes for dumped tables
--

--
-- Indexes for table `Cities`
--
ALTER TABLE `Cities`
  ADD PRIMARY KEY (`Name`,`Country`);

--
-- Indexes for table `Cloudiness`
--
ALTER TABLE `Cloudiness`
  ADD PRIMARY KEY (`id_Cloudiness`),
  ADD KEY `FK_Cloudiness_TimeRanges` (`fk_Time_RangeTime_from`,`fk_Time_RangeDate`);

--
-- Indexes for table `Moonlight`
--
ALTER TABLE `Moonlight`
  ADD PRIMARY KEY (`id_Moonlight`),
  ADD KEY `FK_Moonlight_WeatherForecasts` (`fk_Weather_ForecastCode`,`fk_Weather_ForecastDate`);

--
-- Indexes for table `Operational_Statuses`
--
ALTER TABLE `Operational_Statuses`
  ADD PRIMARY KEY (`id_Operational_Status`),
  ADD KEY `FK_OperationalStatuses_WeatherStations` (`fk_Weather_StationCode`);

--
-- Indexes for table `Precipitations`
--
ALTER TABLE `Precipitations`
  ADD PRIMARY KEY (`id_Precipitation`),
  ADD KEY `FK_Precipitations_TimeRanges` (`fk_Time_RangeTime_from`,`fk_Time_RangeDate`);

--
-- Indexes for table `Pressures`
--
ALTER TABLE `Pressures`
  ADD PRIMARY KEY (`id_Pressure`),
  ADD KEY `FK_Pressures_TimeRanges` (`fk_Time_RangeTime_from`,`fk_Time_RangeDate`);

--
-- Indexes for table `Records`
--
ALTER TABLE `Records`
  ADD PRIMARY KEY (`Date`,`Location`),
  ADD KEY `FK_Records_WeatherForecasts` (`fk_Weather_ForecastCode`,`fk_Weather_ForecastDate`);

--
-- Indexes for table `Sunlight`
--
ALTER TABLE `Sunlight`
  ADD PRIMARY KEY (`id_Sunlight`),
  ADD KEY `FK_Sunlight_WeatherForecasts` (`fk_Weather_ForecastCode`,`fk_Weather_ForecastDate`);

--
-- Indexes for table `Temperatures`
--
ALTER TABLE `Temperatures`
  ADD PRIMARY KEY (`id_Temperature`),
  ADD KEY `FK_Temperatures_TimeRanges` (`fk_Time_RangeTime_from`,`fk_Time_RangeDate`);

--
-- Indexes for table `Time_Ranges`
--
ALTER TABLE `Time_Ranges`
  ADD PRIMARY KEY (`Time_from`,`Date`),
  ADD KEY `FK_TimeRanges_WeatherForecasts` (`fk_Weather_ForecastCode`,`fk_Weather_ForecastDate`);

--
-- Indexes for table `Weather_Forecasts`
--
ALTER TABLE `Weather_Forecasts`
  ADD PRIMARY KEY (`Code`,`Date`),
  ADD KEY `FK_WeatherForecasts_Cities` (`fk_CityName`,`fk_CityCountry`),
  ADD KEY `FK_WeatherForecasts_WeatherStations` (`fk_Weather_StationCode`);

--
-- Indexes for table `Weather_Stations`
--
ALTER TABLE `Weather_Stations`
  ADD PRIMARY KEY (`Code`),
  ADD KEY `FK_WeatherStations_Cities` (`fk_CityName`,`fk_CityCountry`);

--
-- Indexes for table `Winds`
--
ALTER TABLE `Winds`
  ADD PRIMARY KEY (`id_Wind`),
  ADD KEY `FK_Winds_TimeRanges` (`fk_Time_RangeTime_from`,`fk_Time_RangeDate`);

--
-- AUTO_INCREMENT for dumped tables
--

--
-- AUTO_INCREMENT for table `Cloudiness`
--
ALTER TABLE `Cloudiness`
  MODIFY `id_Cloudiness` int(11) NOT NULL AUTO_INCREMENT, AUTO_INCREMENT=100;

--
-- AUTO_INCREMENT for table `Moonlight`
--
ALTER TABLE `Moonlight`
  MODIFY `id_Moonlight` int(11) NOT NULL AUTO_INCREMENT, AUTO_INCREMENT=100;

--
-- AUTO_INCREMENT for table `Operational_Statuses`
--
ALTER TABLE `Operational_Statuses`
  MODIFY `id_Operational_Status` int(11) NOT NULL AUTO_INCREMENT, AUTO_INCREMENT=100;

--
-- AUTO_INCREMENT for table `Precipitations`
--
ALTER TABLE `Precipitations`
  MODIFY `id_Precipitation` int(11) NOT NULL AUTO_INCREMENT, AUTO_INCREMENT=100;

--
-- AUTO_INCREMENT for table `Pressures`
--
ALTER TABLE `Pressures`
  MODIFY `id_Pressure` int(11) NOT NULL AUTO_INCREMENT, AUTO_INCREMENT=100;

--
-- AUTO_INCREMENT for table `Sunlight`
--
ALTER TABLE `Sunlight`
  MODIFY `id_Sunlight` int(11) NOT NULL AUTO_INCREMENT, AUTO_INCREMENT=100;

--
-- AUTO_INCREMENT for table `Temperatures`
--
ALTER TABLE `Temperatures`
  MODIFY `id_Temperature` int(11) NOT NULL AUTO_INCREMENT, AUTO_INCREMENT=100;

--
-- AUTO_INCREMENT for table `Winds`
--
ALTER TABLE `Winds`
  MODIFY `id_Wind` int(11) NOT NULL AUTO_INCREMENT, AUTO_INCREMENT=100;

--
-- Constraints for dumped tables
--

--
-- Constraints for table `Cloudiness`
--
ALTER TABLE `Cloudiness`
  ADD CONSTRAINT `FK_Cloudiness_TimeRanges` FOREIGN KEY (`fk_Time_RangeTime_from`,`fk_Time_RangeDate`) REFERENCES `Time_Ranges` (`Time_from`, `Date`);

--
-- Constraints for table `Moonlight`
--
ALTER TABLE `Moonlight`
  ADD CONSTRAINT `FK_Moonlight_WeatherForecasts` FOREIGN KEY (`fk_Weather_ForecastCode`,`fk_Weather_ForecastDate`) REFERENCES `Weather_Forecasts` (`Code`, `Date`);

--
-- Constraints for table `Operational_Statuses`
--
ALTER TABLE `Operational_Statuses`
  ADD CONSTRAINT `FK_OperationalStatuses_WeatherStations` FOREIGN KEY (`fk_Weather_StationCode`) REFERENCES `Weather_Stations` (`Code`);

--
-- Constraints for table `Precipitations`
--
ALTER TABLE `Precipitations`
  ADD CONSTRAINT `FK_Precipitations_TimeRanges` FOREIGN KEY (`fk_Time_RangeTime_from`,`fk_Time_RangeDate`) REFERENCES `Time_Ranges` (`Time_from`, `Date`);

--
-- Constraints for table `Pressures`
--
ALTER TABLE `Pressures`
  ADD CONSTRAINT `FK_Pressures_TimeRanges` FOREIGN KEY (`fk_Time_RangeTime_from`,`fk_Time_RangeDate`) REFERENCES `Time_Ranges` (`Time_from`, `Date`);

--
-- Constraints for table `Records`
--
ALTER TABLE `Records`
  ADD CONSTRAINT `FK_Records_WeatherForecasts` FOREIGN KEY (`fk_Weather_ForecastCode`,`fk_Weather_ForecastDate`) REFERENCES `Weather_Forecasts` (`Code`, `Date`);

--
-- Constraints for table `Sunlight`
--
ALTER TABLE `Sunlight`
  ADD CONSTRAINT `FK_Sunlight_WeatherForecasts` FOREIGN KEY (`fk_Weather_ForecastCode`,`fk_Weather_ForecastDate`) REFERENCES `Weather_Forecasts` (`Code`, `Date`);

--
-- Constraints for table `Temperatures`
--
ALTER TABLE `Temperatures`
  ADD CONSTRAINT `FK_Temperatures_TimeRanges` FOREIGN KEY (`fk_Time_RangeTime_from`,`fk_Time_RangeDate`) REFERENCES `Time_Ranges` (`Time_from`, `Date`);

--
-- Constraints for table `Time_Ranges`
--
ALTER TABLE `Time_Ranges`
  ADD CONSTRAINT `FK_TimeRanges_WeatherForecasts` FOREIGN KEY (`fk_Weather_ForecastCode`,`fk_Weather_ForecastDate`) REFERENCES `Weather_Forecasts` (`Code`, `Date`);

--
-- Constraints for table `Weather_Forecasts`
--
ALTER TABLE `Weather_Forecasts`
  ADD CONSTRAINT `FK_WeatherForecasts_Cities` FOREIGN KEY (`fk_CityName`,`fk_CityCountry`) REFERENCES `Cities` (`Name`, `Country`),
  ADD CONSTRAINT `FK_WeatherForecasts_WeatherStations` FOREIGN KEY (`fk_Weather_StationCode`) REFERENCES `Weather_Stations` (`Code`);

--
-- Constraints for table `Weather_Stations`
--
ALTER TABLE `Weather_Stations`
  ADD CONSTRAINT `FK_WeatherStations_Cities` FOREIGN KEY (`fk_CityName`,`fk_CityCountry`) REFERENCES `Cities` (`Name`, `Country`);

--
-- Constraints for table `Winds`
--
ALTER TABLE `Winds`
  ADD CONSTRAINT `FK_Winds_TimeRanges` FOREIGN KEY (`fk_Time_RangeTime_from`,`fk_Time_RangeDate`) REFERENCES `Time_Ranges` (`Time_from`, `Date`);
COMMIT;

/*!40101 SET CHARACTER_SET_CLIENT=@OLD_CHARACTER_SET_CLIENT */;
/*!40101 SET CHARACTER_SET_RESULTS=@OLD_CHARACTER_SET_RESULTS */;
/*!40101 SET COLLATION_CONNECTION=@OLD_COLLATION_CONNECTION */;
